,CountyID,CountyName,BroadbandAvailPerFCC,BroadbandUsage
0,1001,Autauga,0.8057,0.391
1,1003,Baldwin,0.8362,0.452
2,1005,Barbour,0.6891,0.324
3,1007,Bibb,0.3368,0.136
4,1009,Blount,0.758,0.199
5,1011,Bullock,0.9363,0.157
6,1013,Butler,0.6814,0.183
7,1015,Calhoun,0.9298,0.419
8,1017,Chambers,0.8453,0.501
9,1019,Cherokee,0.9892,0.125
10,1021,Chilton,0.6345,0.104
11,1023,Choctaw,0.2147,0.035
12,1025,Clarke,0.5585,0.092
13,1027,Clay,0.4291,0.081
14,1029,Cleburne,0.1731,0.1
15,1031,Coffee,0.913,0.531
16,1033,Colbert,0.8405,0.39
17,1035,Conecuh,0.4422,0.067
18,1037,Coosa,0.7828,0.095
19,1039,Covington,0.8336,0.366
20,1041,Crenshaw,0.729,0.196
21,1043,Cullman,0.7835,0.364
22,1045,Dale,0.9479,0.351
23,1047,Dallas,0.7637,0.249
24,1049,DeKalb,0.9883,0.402
25,1051,Elmore,0.9268,0.509
26,1053,Escambia,0.7474,0.243
27,1055,Etowah,0.9514,0.404
28,1057,Fayette,0.1989,0.077
29,1059,Franklin,0.6604,0.111
30,1061,Geneva,0.5956,0.176
31,1063,Greene,0.0085,0.013
32,1065,Hale,0.5144,0.095
33,1067,Henry,0.6405,0.107
34,1069,Houston,0.8734,0.54
35,1071,Jackson,0.9643,0.419
36,1073,Jefferson,0.9906,0.532
37,1075,Lamar,0.4309,0.095
38,1077,Lauderdale,0.8173,0.36
39,1079,Lawrence,0.5525,0.09
40,1081,Lee,0.9631,0.59
41,1083,Limestone,0.9079,0.555
42,1085,Lowndes,0.1441,0.063
43,1087,Macon,0.6502,0.114
44,1089,Madison,0.9644,0.747
45,1091,Marengo,0.1696,0.08
46,1093,Marion,0.8241,0.315
47,1095,Marshall,0.9598,0.561
48,1097,Mobile,0.935,0.506
49,1099,Monroe,0.8964,0.243
50,1101,Montgomery,0.9749,0.637
51,1103,Morgan,0.9167,0.589
52,1105,Perry,0.0012,0.032
53,1107,Pickens,0.5724,0.11
54,1109,Pike,0.9254,0.354
55,1111,Randolph,0.6422,0.161
56,1113,Russell,0.8929,0.402
57,1115,St. Clair,0.8901,0.361
58,1117,Shelby,0.9546,0.589
59,1119,Sumter,0.4666,0.13
60,1121,Talladega,0.8121,0.361
61,1123,Tallapoosa,0.9169,0.736
62,1125,Tuscaloosa,0.9228,0.487
63,1127,Walker,0.7725,0.306
64,1129,Washington,0.3114,0.045
65,1131,Wilcox,0.4144,0.098
66,1133,Winston,0.6272,0.15
67,2013,Aleutians East, -   ,0.066
68,2016,Aleutians West, -   ,0.023
69,2020,Anchorage,0.9969,0.753
70,2050,Bethel, -   ,0.05
71,2060,Bristol Bay, -   ,0.054
72,2068,Denali,0.5536,0.133
73,2070,Dillingham, -   ,0.052
74,2090,Fairbanks North Star,0.896,0.507
75,2100,Haines,0.9186,0.089
76,2105,Hoonah-Angoon,0.25,0.203
77,2110,Juneau,0.9927,0.571
78,2122,Kenai Peninsula,0.975,0.365
79,2130,Ketchikan Gateway,0.9894,0.867
80,2150,Kodiak Island,0.8591,0.389
81,2164,Lake and Peninsula, -   ,0.161
82,2170,Matanuska-Susitna,0.9389,0.481
83,2180,Nome,0.3515,0.038
84,2185,North Slope,0.0061,0.051
85,2188,Northwest Arctic,0.0081,0.039
86,2195,Petersburg,0.7971,0.716
87,2198,Prince of Wales-Hyder,0.0282,0.04
88,2220,Sitka,0.9772,0.681
89,2230,Skagway,0.967,0.22
90,2240,Southeast Fairbanks,0.5191,0.213
91,2261,Valdez-Cordova,0.8438,0.432
92,2158,Kusilvak, -   ,0.088
93,2275,Wrangell,0.8961,0.448
94,2282,Yakutat, -   ,0.024
95,2290,Yukon-Koyukuk,0.013,0.139
96,4001,Apache,0.2304,0.074
97,4003,Cochise,0.7636,0.565
98,4005,Coconino,0.6975,0.407
99,4007,Gila,0.7391,0.463
100,4009,Graham,0.7606,0.535
101,4011,Greenlee,0.5281,0.253
102,4012,La Paz,0.4485,0.344
103,4013,Maricopa,0.9933,0.774
104,4015,Mohave,0.761,0.636
105,4017,Navajo,0.5934,0.381
106,4019,Pima,0.9857,0.626
107,4021,Pinal,0.9418,0.435
108,4023,Santa Cruz,0.9713,0.231
109,4025,Yavapai,0.9278,0.546
110,4027,Yuma,0.8967,0.605
111,5001,Arkansas,0.2579,0.15
112,5003,Ashley,0.5229,0.088
113,5005,Baxter,0.7732,0.549
114,5007,Benton,0.9664,0.589
115,5009,Boone,0.9064,0.441
116,5011,Bradley,0.6446,0.101
117,5013,Calhoun,0.0852,0.202
118,5015,Carroll,0.9757,0.268
119,5017,Chicot,0.7473,0.024
120,5019,Clark,0.8211,0.307
121,5021,Clay,0.5947,0.164
122,5023,Cleburne,0.5629,0.244
123,5025,Cleveland,0.8391,0.015
124,5027,Columbia,0.6132,0.238
125,5029,Conway,0.4728,0.127
126,5031,Craighead,0.8323,0.66
127,5033,Crawford,0.8727,0.394
128,5035,Crittenden,0.7987,0.411
129,5037,Cross,0.5909,0.173
130,5039,Dallas,0.574,0.059
131,5041,Desha,0.704,0.187
132,5043,Drew,0.7014,0.208
133,5045,Faulkner,0.9507,0.375
134,5047,Franklin,0.2485,0.069
135,5049,Fulton,0.4479,0.161
136,5051,Garland,0.9697,0.434
137,5053,Grant,0.6828,0.246
138,5055,Greene,0.7666,0.503
139,5057,Hempstead,0.6645,0.216
140,5059,Hot Spring,0.5942,0.32
141,5061,Howard,0.2263,0.068
142,5063,Independence,0.7302,0.511
143,5065,Izard,0.6047,0.265
144,5067,Jackson,0.684,0.327
145,5069,Jefferson,0.6604,0.192
146,5071,Johnson,0.6213,0.145
147,5073,Lafayette,0.1662,0.021
148,5075,Lawrence,0.5794,0.133
149,5077,Lee,0.3209,0.061
150,5079,Lincoln,0.3037,0.026
151,5081,Little River,0.5075,0.087
152,5083,Logan,0.3562,0.058
153,5085,Lonoke,0.8615,0.462
154,5087,Madison,0.4542,0.159
155,5089,Marion,0.6079,0.213
156,5091,Miller,0.9345,0.348
157,5093,Mississippi,0.9265,0.242
158,5095,Monroe,0.0557,0.058
159,5097,Montgomery,0.5286,0.093
160,5099,Nevada,0.4291,0.036
161,5101,Newton,0.1523,0.083
162,5103,Ouachita,0.6313,0.217
163,5105,Perry,0.7692,0.316
164,5107,Phillips,0.7458,0.188
165,5109,Pike,0.5312,0.11
166,5111,Poinsett,0.7911,0.168
167,5113,Polk,0.6295,0.125
168,5115,Pope,0.7953,0.484
169,5117,Prairie,0.1371,0.057
170,5119,Pulaski,0.9833,0.55
171,5121,Randolph,0.5715,0.141
172,5123,St. Francis,0.3788,0.11
173,5125,Saline,0.916,0.409
174,5127,Scott,0.3729,0.041
175,5129,Searcy,0.5523,0.076
176,5131,Sebastian,0.9589,0.517
177,5133,Sevier,0.7977,0.084
178,5135,Sharp,0.4534,0.214
179,5137,Stone,0.415,0.11
180,5139,Union,0.68,0.358
181,5141,Van Buren,0.4466,0.079
182,5143,Washington,0.9637,0.559
183,5145,White,0.7168,0.238
184,5147,Woodruff,0.2733,0.033
185,5149,Yell,0.8641,0.302
186,6001,Alameda,0.9993,0.731
187,6003,Alpine,0.1825,0.077
188,6005,Amador,0.9759,0.352
189,6007,Butte,0.9865,0.636
190,6009,Calaveras,0.9634,0.442
191,6011,Colusa,0.8357,0.119
192,6013,Contra Costa,0.9924,0.773
193,6015,Del Norte,0.9359,0.799
194,6017,El Dorado,0.9834,0.549
195,6019,Fresno,0.9964,0.522
196,6021,Glenn,0.9681,0.165
197,6023,Humboldt,0.9473,0.563
198,6025,Imperial,0.8569,0.644
199,6027,Inyo,0.8984,0.435
200,6029,Kern,0.9618,0.537
201,6031,Kings,0.9986,0.455
202,6033,Lake,0.934,0.351
203,6035,Lassen,0.9136,0.207
204,6037,Los Angeles,0.9955,0.734
205,6039,Madera,0.997,0.36
206,6041,Marin,0.9831,0.619
207,6043,Mariposa,0.8265,0.102
208,6045,Mendocino,0.8964,0.394
209,6047,Merced,0.9996,0.474
210,6049,Modoc,0.4529,0.089
211,6051,Mono,0.8383,0.658
212,6053,Monterey,0.9894,0.575
213,6055,Napa,0.9891,0.637
214,6057,Nevada,0.9671,0.419
215,6059,Orange,0.9862,0.854
216,6061,Placer,0.9864,0.718
217,6063,Plumas,0.9618,0.179
218,6065,Riverside,0.9751,0.793
219,6067,Sacramento,0.982,0.777
220,6069,San Benito,0.9882,0.643
221,6071,San Bernardino,0.9688,0.771
222,6073,San Diego,0.9807,0.761
223,6075,San Francisco,1,0.58
224,6077,San Joaquin,0.9992,0.648
225,6079,San Luis Obispo,0.9519,0.658
226,6081,San Mateo,1,0.772
227,6083,Santa Barbara,0.942,0.647
228,6085,Santa Clara,1,0.849
229,6087,Santa Cruz,1,0.615
230,6089,Shasta,0.9361,0.602
231,6091,Sierra,0.6599,0.077
232,6093,Siskiyou,0.8612,0.222
233,6095,Solano,0.9488,0.771
234,6097,Sonoma,0.9679,0.687
235,6099,Stanislaus,1,0.58
236,6101,Sutter,0.9932,0.755
237,6103,Tehama,0.9803,0.192
238,6105,Trinity,0.2484,0.168
239,6107,Tulare,0.9948,0.462
240,6109,Tuolumne,0.9936,0.443
241,6111,Ventura,0.9857,0.827
242,6113,Yolo,0.9406,0.665
243,6115,Yuba,0.9953,0.551
244,8001,Adams,0.9932,0.911
245,8003,Alamosa,0.9974,0.459
246,8005,Arapahoe,0.998,0.777
247,8007,Archuleta,0.878,0.688
248,8009,Baca,0.3432,0.271
249,8011,Bent,0.38,0.357
250,8013,Boulder,0.9754,0.803
251,8014,Broomfield,0.9837,0.976
252,8015,Chaffee,0.888,0.437
253,8017,Cheyenne,0.5483,0.139
254,8019,Clear Creek,0.901,0.191
255,8021,Conejos,0.9985,0.081
256,8023,Costilla,0.9552,0.325
257,8025,Crowley,0.425,0.103
258,8027,Custer,0.5152,0.039
259,8029,Delta,0.9949,0.559
260,8031,Denver,1,0.782
261,8033,Dolores,0.291,0.125
262,8035,Douglas,1,0.81
263,8037,Eagle,0.9305,0.671
264,8039,Elbert,1,0.275
265,8041,El Paso,0.981,0.833
266,8043,Fremont,0.8528,0.657
267,8045,Garfield,0.9971,0.51
268,8047,Gilpin,0.8768,0.436
269,8049,Grand,0.8474,0.482
270,8051,Gunnison,0.9058,0.522
271,8053,Hinsdale,0.8341,0.106
272,8055,Huerfano,0.7149,0.178
273,8057,Jackson,0.8556,0.102
274,8059,Jefferson,0.9955,0.67
275,8061,Kiowa,0.5512,0.04
276,8063,Kit Carson,0.9779,0.21
277,8065,Lake,0.9204,0.368
278,8067,La Plata,0.9798,0.409
279,8069,Larimer,0.9387,0.689
280,8071,Las Animas,0.7158,0.494
281,8073,Lincoln,0.552,0.326
282,8075,Logan,0.9275,0.528
283,8077,Mesa,0.9662,0.625
284,8079,Mineral,0.8921,0.551
285,8081,Moffat,0.9484,0.618
286,8083,Montezuma,0.8434,0.264
287,8085,Montrose,0.9456,0.691
288,8087,Morgan,0.8946,0.595
289,8089,Otero,0.8535,0.63
290,8091,Ouray,0.9653,0.205
291,8093,Park,0.9161,0.24
292,8095,Phillips,1,0.548
293,8097,Pitkin,0.979,0.766
294,8099,Prowers,0.7019,0.236
295,8101,Pueblo,0.9628,0.608
296,8103,Rio Blanco,0.7244,0.591
297,8105,Rio Grande,0.9886,0.29
298,8107,Routt,0.9596,0.495
299,8109,Saguache,0.8003,0.203
300,8111,San Juan,0.6552,0.288
301,8113,San Miguel,0.7115,0.522
302,8115,Sedgwick,0.8243,0.243
303,8117,Summit,0.8957,0.682
304,8119,Teller,0.8689,0.358
305,8121,Washington,0.8225,0.182
306,8123,Weld,0.9532,0.677
307,8125,Yuma,0.9866,0.313
308,9001,Fairfield,0.9932,0.707
309,9003,Hartford,0.9904,0.675
310,9005,Litchfield,0.9914,0.641
311,9007,Middlesex,0.994,0.631
312,9009,New Haven,0.9977,0.661
313,9011,New London,0.9881,0.71
314,9013,Tolland,0.9735,0.736
315,9015,Windham,0.9962,0.586
316,10001,Kent,0.9626,0.733
317,10003,New Castle,0.9796,0.788
318,10005,Sussex,0.9861,0.658
319,11001,District of Columbia,0.9796,0.658
320,12001,Alachua,0.8639,0.574
321,12003,Baker,0.8448,0.391
322,12005,Bay,0.9393,0.694
323,12007,Bradford,0.5327,0.273
324,12009,Brevard,0.9951,0.776
325,12011,Broward,0.9815,0.802
326,12013,Calhoun,0.9407,0.104
327,12015,Charlotte,0.9728,0.679
328,12017,Citrus,0.9404,0.627
329,12019,Clay,0.9307,0.782
330,12021,Collier,0.953,0.72
331,12023,Columbia,0.8251,0.462
332,12027,DeSoto,1,0.105
333,12029,Dixie,0.0078,0.041
334,12031,Duval,1,0.802
335,12033,Escambia,0.9543,0.711
336,12035,Flagler,0.9632,0.878
337,12037,Franklin,0.8336,0.398
338,12039,Gadsden,0.9103,0.186
339,12041,Gilchrist,0.2821,0.049
340,12043,Glades,0.6469,0.063
341,12045,Gulf,0.9195,0.405
342,12047,Hamilton,0.7198,0.088
343,12049,Hardee,1,0.109
344,12051,Hendry,0.7638,0.334
345,12053,Hernando,0.9777,0.772
346,12055,Highlands,1,0.419
347,12057,Hillsborough,0.997,0.782
348,12059,Holmes,0.3422,0.095
349,12061,Indian River,1,0.715
350,12063,Jackson,0.5988,0.173
351,12065,Jefferson,0.3081,0.079
352,12067,Lafayette,0.6073,0.165
353,12069,Lake,0.9216,0.79
354,12071,Lee,0.9135,0.725
355,12073,Leon,0.9652,0.571
356,12075,Levy,0.1399,0.063
357,12077,Liberty,0.6755,0.137
358,12079,Madison,0.5728,0.114
359,12081,Manatee,0.9935,0.821
360,12083,Marion,0.9203,0.547
361,12085,Martin,0.9732,0.695
362,12086,Miami-Dade,0.9649,0.681
363,12087,Monroe,0.9614,0.733
364,12089,Nassau,0.9275,0.688
365,12091,Okaloosa,0.9293,0.769
366,12093,Okeechobee,1,0.381
367,12095,Orange,1,0.831
368,12097,Osceola,1,0.906
369,12099,Palm Beach,0.9694,0.718
370,12101,Pasco,0.9859,0.773
371,12103,Pinellas,0.9993,0.71
372,12105,Polk,0.9537,0.674
373,12107,Putnam,0.8297,0.341
374,12109,St. Johns,1,0.856
375,12111,St. Lucie,0.9437,0.7
376,12113,Santa Rosa,0.8827,0.635
377,12115,Sarasota,0.9889,0.776
378,12117,Seminole,1,0.735
379,12119,Sumter,0.9317,0.565
380,12121,Suwannee,0.8819,0.207
381,12123,Taylor,0.713,0.31
382,12125,Union,0.7205,0.451
383,12127,Volusia,1,0.689
384,12129,Wakulla,0.9233,0.387
385,12131,Walton,0.8154,0.627
386,12133,Washington,0.3113,0.129
387,13001,Appling,0.5103,0.19
388,13003,Atkinson,0.6438,0.11
389,13005,Bacon,0.7784,0.496
390,13007,Baker,0.0329,0.022
391,13009,Baldwin,0.962,0.612
392,13011,Banks,0.8324,0.249
393,13013,Barrow,0.9865,0.763
394,13015,Bartow,0.9425,0.498
395,13017,Ben Hill,0.9252,0.758
396,13019,Berrien,0.8592,0.136
397,13021,Bibb,0.9732,0.581
398,13023,Bleckley,0.5383,0.28
399,13025,Brantley,0.9941,0.327
400,13027,Brooks,0.8345,0.211
401,13029,Bryan,0.9513,0.806
402,13031,Bulloch,1,0.575
403,13033,Burke,0.722,0.241
404,13035,Butts,0.7959,0.206
405,13037,Calhoun,0.2488,0.072
406,13039,Camden,0.9246,0.674
407,13043,Candler,1,0.875
408,13045,Carroll,0.9271,0.447
409,13047,Catoosa,0.9899,0.485
410,13049,Charlton,0.726,0.085
411,13051,Chatham,0.9844,0.727
412,13053,Chattahoochee,0.5456,0.755
413,13055,Chattooga,0.9781,0.145
414,13057,Cherokee,0.974,0.841
415,13059,Clarke,0.9942,0.639
416,13061,Clay,0.6524,0.067
417,13063,Clayton,0.9824,0.877
418,13065,Clinch,0.7067,0.113
419,13067,Cobb,0.9796,0.778
420,13069,Coffee,0.9187,0.481
421,13071,Colquitt,0.8958,0.538
422,13073,Columbia,0.9832,0.853
423,13075,Cook,0.8466,0.16
424,13077,Coweta,0.959,0.743
425,13079,Crawford,0.9353,0.156
426,13081,Crisp,0.8039,0.354
427,13083,Dade,0.9286,0.379
428,13085,Dawson,0.9108,0.455
429,13087,Decatur,0.6635,0.288
430,13089,DeKalb,0.9869,0.756
431,13091,Dodge,0.6748,0.139
432,13093,Dooly,0.5515,0.084
433,13095,Dougherty,0.9737,0.591
434,13097,Douglas,0.9761,0.78
435,13099,Early,0.5383,0.156
436,13101,Echols,0.0002,0.034
437,13103,Effingham,0.9677,0.648
438,13105,Elbert,0.8497,0.267
439,13107,Emanuel,0.9467,0.309
440,13109,Evans,0.8232,0.257
441,13111,Fannin,0.9205,0.432
442,13113,Fayette,0.9807,0.882
443,13115,Floyd,0.9426,0.485
444,13117,Forsyth,0.9906,0.92
445,13119,Franklin,0.8482,0.148
446,13121,Fulton,0.9837,0.744
447,13123,Gilmer,0.8201,0.521
448,13125,Glascock,0.0101,0.033
449,13127,Glynn,0.9669,0.693
450,13129,Gordon,0.9226,0.367
451,13131,Grady,0.839,0.264
452,13133,Greene,0.7104,0.561
453,13135,Gwinnett,0.9903,0.935
454,13137,Habersham,0.9594,0.574
455,13139,Hall,0.9786,0.567
456,13141,Hancock,0.1275,0.1
457,13143,Haralson,1,0.135
458,13145,Harris,0.8671,0.244
459,13147,Hart,0.9703,0.414
460,13149,Heard,0.5978,0.117
461,13151,Henry,0.9954,0.891
462,13153,Houston,0.9397,0.749
463,13155,Irwin,0.6125,0.214
464,13157,Jackson,0.9398,0.645
465,13159,Jasper,0.6094,0.149
466,13161,Jeff Davis,0.6241,0.182
467,13163,Jefferson,0.0882,0.082
468,13165,Jenkins,0.8228,0.09
469,13167,Johnson,0.3034,0.149
470,13169,Jones,0.8682,0.445
471,13171,Lamar,0.726,0.118
472,13173,Lanier,0.8538,0.13
473,13175,Laurens,0.712,0.387
474,13177,Lee,0.8914,0.526
475,13179,Liberty,0.9394,0.448
476,13181,Lincoln,0.9999,0.287
477,13183,Long,0.8439,0.217
478,13185,Lowndes,0.8169,0.534
479,13187,Lumpkin,0.8909,0.425
480,13189,McDuffie,0.8201,0.207
481,13191,McIntosh,0.97,0.359
482,13193,Macon,0.7509,0.279
483,13195,Madison,0.9165,0.153
484,13197,Marion,0.7152,0.069
485,13199,Meriwether,0.5331,0.281
486,13201,Miller,0.1072,0.187
487,13205,Mitchell,0.59,0.169
488,13207,Monroe,0.5259,0.2
489,13209,Montgomery,0.501,0.119
490,13211,Morgan,0.467,0.176
491,13213,Murray,0.9859,0.427
492,13215,Muscogee,0.9897,0.715
493,13217,Newton,0.97,0.662
494,13219,Oconee,0.9145,0.304
495,13221,Oglethorpe,0.8024,0.084
496,13223,Paulding,0.9866,0.764
497,13225,Peach,0.6781,0.289
498,13227,Pickens,0.9341,0.532
499,13229,Pierce,0.8106,0.233
500,13231,Pike,0.4435,0.058
501,13233,Polk,0.9682,0.421
502,13235,Pulaski,0.7113,0.427
503,13237,Putnam,0.8868,0.35
504,13239,Quitman,0.6327,0.038
505,13241,Rabun,0.9082,0.204
506,13243,Randolph,0.7904,0.155
507,13245,Richmond,0.9595,0.609
508,13247,Rockdale,0.9849,0.873
509,13249,Schley,0.7675,0.183
510,13251,Screven,0.9958,0.582
511,13253,Seminole,0.7815,0.118
512,13255,Spalding,0.9541,0.573
513,13257,Stephens,0.9469,0.522
514,13259,Stewart,0.0082,0.047
515,13261,Sumter,0.728,0.31
516,13263,Talbot,0.7977,0.057
517,13265,Taliaferro,0.9102,0.001
518,13267,Tattnall,0.7786,0.169
519,13269,Taylor,0.8304,0.13
520,13271,Telfair,0.8052,0.144
521,13273,Terrell,0.7809,0.197
522,13275,Thomas,0.8826,0.411
523,13277,Tift,0.8697,0.714
524,13279,Toombs,0.7742,0.315
525,13281,Towns,0.9779,0.569
526,13283,Treutlen,0.1284,0.028
527,13285,Troup,0.9449,0.633
528,13287,Turner,0.7282,0.174
529,13289,Twiggs,0.4504,0.095
530,13291,Union,0.9608,0.463
531,13293,Upson,0.9401,0.759
532,13295,Walker,0.967,0.608
533,13297,Walton,0.9245,0.704
534,13299,Ware,0.8648,0.499
535,13301,Warren,0.0019,0.049
536,13303,Washington,0.6722,0.269
537,13305,Wayne,0.8181,0.347
538,13307,Webster,0.4611,0.119
539,13309,Wheeler,0.5585,0.062
540,13311,White,0.9401,0.481
541,13313,Whitfield,1,0.694
542,13315,Wilcox,0.6696,0.107
543,13317,Wilkes,1,0.321
544,13319,Wilkinson,0.7018,0.146
545,13321,Worth,0.6566,0.119
546,15001,Hawaii,0.9336,0.499
547,15003,Honolulu,0.9933,0.811
548,15005,Kalawao,0.1977,0.221
549,15007,Kauai,0.9505,0.622
550,15009,Maui,0.9621,0.606
551,16001,Ada,0.9914,0.86
552,16003,Adams,0.5571,0.085
553,16005,Bannock,0.9498,0.586
554,16007,Bear Lake,0.7388,0.336
555,16009,Benewah,0.7611,0.062
556,16011,Bingham,0.9846,0.229
557,16013,Blaine,0.9204,0.61
558,16015,Boise,0.6613,0.1
559,16017,Bonner,0.9975,0.338
560,16019,Bonneville,0.9799,0.754
561,16021,Boundary,0.9821,0.153
562,16023,Butte,0.645,0.184
563,16025,Camas,0.9747,0.017
564,16027,Canyon,0.999,0.534
565,16029,Caribou,0.8064,0.567
566,16031,Cassia,0.9754,0.404
567,16033,Clark,0.9278,0.192
568,16035,Clearwater,0.5075,0.107
569,16037,Custer,0.8106,0.183
570,16039,Elmore,0.77,0.346
571,16041,Franklin,0.9448,0.225
572,16043,Fremont,0.9536,0.178
573,16045,Gem,0.9737,0.283
574,16047,Gooding,0.983,0.133
575,16049,Idaho,0.726,0.422
576,16051,Jefferson,0.9304,0.255
577,16053,Jerome,0.9961,0.374
578,16055,Kootenai,0.9879,0.742
579,16057,Latah,0.8062,0.763
580,16059,Lemhi,0.5635,0.14
581,16061,Lewis,0.2947,0.004
582,16063,Lincoln,0.9076,0.133
583,16065,Madison,0.9905,0.77
584,16067,Minidoka,0.9983,0.279
585,16069,Nez Perce,0.8671,0.87
586,16071,Oneida,0.8411,0.463
587,16073,Owyhee,0.8013,0.197
588,16075,Payette,0.9515,0.537
589,16077,Power,0.929,0.163
590,16079,Shoshone,0.7137,0.085
591,16081,Teton,0.9137,0.49
592,16083,Twin Falls,0.9835,0.802
593,16085,Valley,0.721,0.629
594,16087,Washington,0.8907,0.19
595,17001,Adams,0.9007,0.558
596,17003,Alexander,0.0009,0.104
597,17005,Bond,1,0.173
598,17007,Boone,0.9712,0.436
599,17009,Brown,0.799,0.315
600,17011,Bureau,1,0.382
601,17013,Calhoun,0.7341,0.058
602,17015,Carroll,0.9169,0.248
603,17017,Cass,0.9333,0.214
604,17019,Champaign,0.9683,0.525
605,17021,Christian,1,0.386
606,17023,Clark,0.8075,0.2
607,17025,Clay,0.8609,0.587
608,17027,Clinton,0.9996,0.222
609,17029,Coles,0.8989,0.33
610,17031,Cook,0.9921,0.637
611,17033,Crawford,0.7916,0.233
612,17035,Cumberland,0.561,0.116
613,17037,DeKalb,0.965,0.54
614,17039,De Witt,0.8786,0.309
615,17041,Douglas,0.8263,0.428
616,17043,DuPage,0.993,0.883
617,17045,Edgar,0.9221,0.173
618,17047,Edwards,0.7801,0.188
619,17049,Effingham,0.9528,0.586
620,17051,Fayette,0.5575,0.198
621,17053,Ford,0.8982,0.349
622,17055,Franklin,0.9816,0.235
623,17057,Fulton,0.807,0.265
624,17059,Gallatin,0.9188,0.216
625,17061,Greene,0.9088,0.12
626,17063,Grundy,0.9998,0.547
627,17065,Hamilton,0.7554,0.289
628,17067,Hancock,0.8081,0.3
629,17069,Hardin,1,0.377
630,17071,Henderson,1,0.228
631,17073,Henry,1,0.442
632,17075,Iroquois,0.7873,0.185
633,17077,Jackson,0.9996,0.35
634,17079,Jasper,0.5011,0.309
635,17081,Jefferson,0.9937,0.498
636,17083,Jersey,0.985,0.262
637,17085,Jo Daviess,0.8842,0.38
638,17087,Johnson,0.5514,0.168
639,17089,Kane,0.9907,0.716
640,17091,Kankakee,0.9775,0.534
641,17093,Kendall,0.9879,0.739
642,17095,Knox,1,0.478
643,17097,Lake,0.9908,0.771
644,17099,LaSalle,1,0.415
645,17101,Lawrence,0.7775,0.32
646,17103,Lee,1,0.347
647,17105,Livingston,1,0.334
648,17107,Logan,0.9351,0.424
649,17109,McDonough,0.9881,0.464
650,17111,McHenry,0.9971,0.726
651,17113,McLean,0.9764,0.662
652,17115,Macon,0.9936,0.636
653,17117,Macoupin,0.8394,0.279
654,17119,Madison,0.999,0.523
655,17121,Marion,0.923,0.444
656,17123,Marshall,1,0.177
657,17125,Mason,0.7953,0.18
658,17127,Massac,0.7344,0.106
659,17129,Menard,0.962,0.141
660,17131,Mercer,1,0.232
661,17133,Monroe,0.9844,0.743
662,17135,Montgomery,0.8669,0.294
663,17137,Morgan,0.8969,0.399
664,17139,Moultrie,0.9542,0.237
665,17141,Ogle,0.9593,0.281
666,17143,Peoria,1,0.564
667,17145,Perry,0.9591,0.295
668,17147,Piatt,0.9611,0.366
669,17149,Pike,0.875,0.285
670,17151,Pope,0.8391,0.308
671,17153,Pulaski,0.4489,0.11
672,17155,Putnam,1,0.168
673,17157,Randolph,0.9608,0.248
674,17159,Richland,0.7528,0.38
675,17161,Rock Island,1,0.471
676,17163,St. Clair,1,0.558
677,17165,Saline,0.8336,0.25
678,17167,Sangamon,0.9842,0.665
679,17169,Schuyler,0.6164,0.21
680,17171,Scott,0.9307,0.418
681,17173,Shelby,0.8972,0.242
682,17175,Stark,1,0.235
683,17177,Stephenson,0.9752,0.511
684,17179,Tazewell,0.9757,0.673
685,17181,Union,0.8032,0.206
686,17183,Vermilion,0.9459,0.371
687,17185,Wabash,0.8751,0.203
688,17187,Warren,1,0.226
689,17189,Washington,0.8827,0.201
690,17191,Wayne,0.9312,0.219
691,17193,White,0.8142,0.292
692,17195,Whiteside,1,0.462
693,17197,Will,0.9943,0.715
694,17199,Williamson,0.9238,0.529
695,17201,Winnebago,0.9832,0.663
696,17203,Woodford,1,0.62
697,18001,Adams,0.9999,0.273
698,18003,Allen,0.9911,0.605
699,18005,Bartholomew,0.9371,0.571
700,18007,Benton,0.9238,0.032
701,18009,Blackford,1,0.295
702,18011,Boone,0.9392,0.616
703,18013,Brown,0.9102,0.241
704,18015,Carroll,0.6315,0.167
705,18017,Cass,0.9383,0.231
706,18019,Clark,0.9646,0.619
707,18021,Clay,0.9458,0.386
708,18023,Clinton,0.9184,0.347
709,18025,Crawford,0.3453,0.054
710,18027,Daviess,0.9961,0.384
711,18029,Dearborn,0.9599,0.477
712,18031,Decatur,0.7557,0.359
713,18033,DeKalb,0.9825,0.387
714,18035,Delaware,1,0.397
715,18037,Dubois,0.7935,0.356
716,18039,Elkhart,0.9767,0.529
717,18041,Fayette,1,0.308
718,18043,Floyd,0.9916,0.728
719,18045,Fountain,0.8935,0.094
720,18047,Franklin,0.7032,0.196
721,18049,Fulton,1,0.369
722,18051,Gibson,0.8733,0.182
723,18053,Grant,0.9418,0.407
724,18055,Greene,0.8647,0.182
725,18057,Hamilton,0.9985,0.775
726,18059,Hancock,0.9905,0.808
727,18061,Harrison,0.9686,0.278
728,18063,Hendricks,0.972,0.708
729,18065,Henry,0.9834,0.157
730,18067,Howard,0.9627,0.652
731,18069,Huntington,0.9993,0.141
732,18071,Jackson,0.9875,0.582
733,18073,Jasper,0.8557,0.265
734,18075,Jay,0.9495,0.256
735,18077,Jefferson,0.8644,0.484
736,18079,Jennings,0.8202,0.241
737,18081,Johnson,0.9648,0.712
738,18083,Knox,1,0.702
739,18085,Kosciusko,0.9947,0.472
740,18087,LaGrange,0.685,0.089
741,18089,Lake,0.9976,0.63
742,18091,LaPorte,0.9949,0.732
743,18093,Lawrence,0.8562,0.253
744,18095,Madison,1,0.44
745,18097,Marion,0.9993,0.557
746,18099,Marshall,1,0.235
747,18101,Martin,0.8624,0.076
748,18103,Miami,0.952,0.382
749,18105,Monroe,0.9428,0.579
750,18107,Montgomery,0.7942,0.236
751,18109,Morgan,0.9481,0.405
752,18111,Newton,0.972,0.236
753,18113,Noble,0.8944,0.355
754,18115,Ohio,0.7971,0.169
755,18117,Orange,0.9115,0.379
756,18119,Owen,0.8175,0.184
757,18121,Parke,0.7417,0.152
758,18123,Perry,0.8366,0.357
759,18125,Pike,0.9471,0.079
760,18127,Porter,1,0.665
761,18129,Posey,0.7333,0.133
762,18131,Pulaski,0.7016,0.212
763,18133,Putnam,0.7649,0.446
764,18135,Randolph,0.9988,0.094
765,18137,Ripley,0.6632,0.299
766,18139,Rush,0.9941,0.137
767,18141,St. Joseph,0.994,0.507
768,18143,Scott,1,0.457
769,18145,Shelby,0.8156,0.383
770,18147,Spencer,0.7484,0.243
771,18149,Starke,0.9357,0.231
772,18151,Steuben,0.9512,0.299
773,18153,Sullivan,0.943,0.096
774,18155,Switzerland,0.2662,0.069
775,18157,Tippecanoe,0.9689,0.531
776,18159,Tipton,1,0.216
777,18161,Union,0.9991,0.111
778,18163,Vanderburgh,0.9887,0.531
779,18165,Vermillion,0.9655,0.175
780,18167,Vigo,0.9709,0.473
781,18169,Wabash,0.9986,0.118
782,18171,Warren,0.8863,0.102
783,18173,Warrick,0.8981,0.491
784,18175,Washington,0.9982,0.321
785,18177,Wayne,1,0.732
786,18179,Wells,0.9408,0.305
787,18181,White,0.915,0.572
788,18183,Whitley,1,0.256
789,19001,Adair,0.9074,0.188
790,19003,Adams,0.666,0.192
791,19005,Allamakee,0.8479,0.189
792,19007,Appanoose,0.983,0.31
793,19009,Audubon,0.9285,0.197
794,19011,Benton,0.9483,0.357
795,19013,Black Hawk,0.9993,0.636
796,19015,Boone,0.9867,0.303
797,19017,Bremer,0.9971,0.555
798,19019,Buchanan,0.943,0.435
799,19021,Buena Vista,0.993,0.389
800,19023,Butler,0.9861,0.253
801,19025,Calhoun,0.8388,0.2
802,19027,Carroll,0.938,0.487
803,19029,Cass,0.9929,0.392
804,19031,Cedar,0.8933,0.35
805,19033,Cerro Gordo,0.9997,0.666
806,19035,Cherokee,0.9529,0.329
807,19037,Chickasaw,0.979,0.245
808,19039,Clarke,0.8838,0.51
809,19041,Clay,0.9884,0.825
810,19043,Clayton,0.7814,0.384
811,19045,Clinton,0.9645,0.694
812,19047,Crawford,0.8869,0.212
813,19049,Dallas,0.9792,0.443
814,19051,Davis,0.8446,0.445
815,19053,Decatur,0.9452,0.301
816,19055,Delaware,0.9777,0.362
817,19057,Des Moines,0.9483,0.895
818,19059,Dickinson,0.9926,0.585
819,19061,Dubuque,0.989,0.567
820,19063,Emmet,0.9933,0.439
821,19065,Fayette,0.9226,0.202
822,19067,Floyd,0.9923,0.6
823,19069,Franklin,0.9892,0.185
824,19071,Fremont,0.9793,0.13
825,19073,Greene,0.9837,0.468
826,19075,Grundy,0.9992,0.316
827,19077,Guthrie,0.935,0.383
828,19079,Hamilton,0.9783,0.237
829,19081,Hancock,0.9771,0.481
830,19083,Hardin,0.9616,0.278
831,19085,Harrison,1,0.199
832,19087,Henry,0.8929,0.454
833,19089,Howard,0.979,0.236
834,19091,Humboldt,0.8523,0.223
835,19093,Ida,0.948,0.221
836,19095,Iowa,0.8527,0.398
837,19097,Jackson,0.9396,0.355
838,19099,Jasper,0.9119,0.581
839,19101,Jefferson,0.9995,0.746
840,19103,Johnson,0.9403,0.519
841,19105,Jones,0.9465,0.327
842,19107,Keokuk,0.8503,0.305
843,19109,Kossuth,0.9542,0.386
844,19111,Lee,0.9409,0.477
845,19113,Linn,0.9856,0.62
846,19115,Louisa,0.7747,0.143
847,19117,Lucas,0.9523,0.396
848,19119,Lyon,0.9682,0.5
849,19121,Madison,0.9771,0.231
850,19123,Mahaska,0.974,0.467
851,19125,Marion,0.9014,0.395
852,19127,Marshall,0.945,0.416
853,19129,Mills,1,0.229
854,19131,Mitchell,0.9923,0.432
855,19133,Monona,0.9973,0.197
856,19135,Monroe,0.9337,0.413
857,19137,Montgomery,0.9923,0.811
858,19139,Muscatine,0.9233,0.444
859,19141,O'Brien,1,0.652
860,19143,Osceola,0.973,0.32
861,19145,Page,0.9171,0.44
862,19147,Palo Alto,0.966,0.4
863,19149,Plymouth,0.977,0.494
864,19151,Pocahontas,0.8618,0.313
865,19153,Polk,0.9738,0.579
866,19155,Pottawattamie,1,0.42
867,19157,Poweshiek,0.7889,0.471
868,19159,Ringgold,0.5911,0.215
869,19161,Sac,0.8985,0.282
870,19163,Scott,0.9804,0.698
871,19165,Shelby,0.9969,0.574
872,19167,Sioux,0.9933,0.632
873,19169,Story,0.9542,0.465
874,19171,Tama,0.8737,0.338
875,19173,Taylor,0.6978,0.118
876,19175,Union,0.9336,0.353
877,19177,Van Buren,0.7442,0.206
878,19179,Wapello,0.9445,0.602
879,19181,Warren,0.934,0.349
880,19183,Washington,0.9013,0.362
881,19185,Wayne,1,0.299
882,19187,Webster,0.9675,0.525
883,19189,Winnebago,0.9996,0.54
884,19191,Winneshiek,0.8991,0.385
885,19193,Woodbury,0.9703,0.464
886,19195,Worth,0.9993,0.428
887,19197,Wright,0.9854,0.294
888,20001,Allen,1,0.58
889,20003,Anderson,1,0.179
890,20005,Atchison,0.815,0.337
891,20007,Barber,0.8762,0.287
892,20009,Barton,0.9306,0.427
893,20011,Bourbon,0.9922,0.353
894,20013,Brown,0.7952,0.385
895,20015,Butler,0.9448,0.44
896,20017,Chase,0.1847,0.101
897,20019,Chautauqua,0.2951,0.122
898,20021,Cherokee,0.9865,0.21
899,20023,Cheyenne,0.5201,0.271
900,20025,Clark,0.4734,0.246
901,20027,Clay,0.9898,0.501
902,20029,Cloud,0.9925,0.421
903,20031,Coffey,0.9998,0.546
904,20033,Comanche,0.7541,0.169
905,20035,Cowley,0.9543,0.569
906,20037,Crawford,0.9595,0.735
907,20039,Decatur,0.7329,0.163
908,20041,Dickinson,0.9081,0.266
909,20043,Doniphan,0.8174,0.232
910,20045,Douglas,1,0.598
911,20047,Edwards,0.6934,0.108
912,20049,Elk,0.8866,0.402
913,20051,Ellis,0.9966,0.545
914,20053,Ellsworth,0.8877,0.317
915,20055,Finney,0.9939,0.474
916,20057,Ford,0.8317,0.456
917,20059,Franklin,1,0.384
918,20061,Geary,0.8476,0.608
919,20063,Gove,0.7147,0.168
920,20065,Graham,0.9855,0.242
921,20067,Grant,1,0.399
922,20069,Gray,0.8093,0.345
923,20071,Greeley,0.961,0.171
924,20073,Greenwood,0.3872,0.184
925,20075,Hamilton,1,0.386
926,20077,Harper,0.9925,0.363
927,20079,Harvey,0.9999,0.582
928,20081,Haskell,0.9841,0.218
929,20083,Hodgeman,0.6237,0.046
930,20085,Jackson,0.9278,0.216
931,20087,Jefferson,0.9743,0.133
932,20089,Jewell,0.9705,0.463
933,20091,Johnson,0.9997,0.72
934,20093,Kearny,0.9997,0.274
935,20095,Kingman,0.8788,0.232
936,20097,Kiowa,0.7899,0.247
937,20099,Labette,0.7649,0.299
938,20101,Lane,0.9798,0.098
939,20103,Leavenworth,0.9636,0.614
940,20105,Lincoln,0.8609,0.31
941,20107,Linn,1,0.19
942,20109,Logan,0.8923,0.366
943,20111,Lyon,0.9987,0.503
944,20113,McPherson,0.8303,0.654
945,20115,Marion,0.9076,0.25
946,20117,Marshall,0.9756,0.387
947,20119,Meade,0.001,0.141
948,20121,Miami,1,0.307
949,20123,Mitchell,0.9928,0.593
950,20125,Montgomery,0.9617,0.504
951,20127,Morris,0.9729,0.362
952,20129,Morton,1,0.251
953,20131,Nemaha,0.7369,0.271
954,20133,Neosho,0.9749,0.36
955,20135,Ness,0.8876,0.248
956,20137,Norton,0.7474,0.508
957,20139,Osage,1,0.171
958,20141,Osborne,0.9798,0.657
959,20143,Ottawa,0.8129,0.198
960,20145,Pawnee,0.9012,0.237
961,20147,Phillips,0.7572,0.687
962,20149,Pottawatomie,0.97,0.617
963,20151,Pratt,0.7943,0.884
964,20153,Rawlins,0.4617,0.199
965,20155,Reno,0.9656,0.407
966,20157,Republic,0.9312,0.284
967,20159,Rice,0.7795,0.201
968,20161,Riley,0.8863,0.522
969,20163,Rooks,0.8709,0.603
970,20165,Rush,0.8317,0.486
971,20167,Russell,0.9936,0.442
972,20169,Saline,0.9177,0.764
973,20171,Scott,0.9998,0.202
974,20173,Sedgwick,0.9863,0.645
975,20175,Seward,0.5745,0.213
976,20177,Shawnee,1,0.534
977,20179,Sheridan,0.7652,0.383
978,20181,Sherman,0.8655,0.324
979,20183,Smith,0.8758,0.703
980,20185,Stafford,0.7305,0.2
981,20187,Stanton,1,0.198
982,20189,Stevens,0.9872,0.426
983,20191,Sumner,0.9284,0.239
984,20193,Thomas,0.9025,0.414
985,20195,Trego,0.8816,0.437
986,20197,Wabaunsee,0.6707,0.183
987,20199,Wallace,0.53,0.247
988,20201,Washington,0.7952,0.358
989,20203,Wichita,0.9519,0.178
990,20205,Wilson,1,0.119
991,20207,Woodson,0.9175,0.105
992,20209,Wyandotte,0.9979,0.549
993,21001,Adair,0.7839,0.314
994,21003,Allen,0.9891,0.379
995,21005,Anderson,0.9866,0.422
996,21007,Ballard,0.7968,0.415
997,21009,Barren,0.8386,0.446
998,21011,Bath,0.9871,0.138
999,21013,Bell,0.9849,0.379
1000,21015,Boone,0.9925,0.624
1001,21017,Bourbon,0.9946,0.372
1002,21019,Boyd,0.9737,0.577
1003,21021,Boyle,0.9924,0.548
1004,21023,Bracken,0.9889,0.118
1005,21025,Breathitt,0.6861,0.094
1006,21027,Breckinridge,0.7461,0.139
1007,21029,Bullitt,0.9944,0.702
1008,21031,Butler,0.2708,0.059
1009,21033,Caldwell,0.6835,0.15
1010,21035,Calloway,0.9557,0.525
1011,21037,Campbell,0.994,0.583
1012,21039,Carlisle,0.9599,0.106
1013,21041,Carroll,0.8164,0.529
1014,21043,Carter,0.8975,0.579
1015,21045,Casey,0.9211,0.033
1016,21047,Christian,0.8719,0.496
1017,21049,Clark,0.9664,0.43
1018,21051,Clay,0.9735,0.26
1019,21053,Clinton,0.9208,0.129
1020,21055,Crittenden,0.662,0.048
1021,21057,Cumberland,0.5718,0.17
1022,21059,Daviess,0.905,0.533
1023,21061,Edmonson,0.8961,0.139
1024,21063,Elliott,1,0.206
1025,21065,Estill,0.9747,0.197
1026,21067,Fayette,0.9974,0.619
1027,21069,Fleming,0.9926,0.353
1028,21071,Floyd,0.9417,0.243
1029,21073,Franklin,0.9946,0.381
1030,21075,Fulton,0.6264,0.083
1031,21077,Gallatin,0.8629,0.273
1032,21079,Garrard,0.9184,0.103
1033,21081,Grant,0.9594,0.381
1034,21083,Graves,0.9483,0.623
1035,21085,Grayson,0.9031,0.153
1036,21087,Green,0.879,0.199
1037,21089,Greenup,0.9558,0.2
1038,21091,Hancock,0.1833,0.051
1039,21093,Hardin,0.9998,0.712
1040,21095,Harlan,0.909,0.102
1041,21097,Harrison,0.9988,0.208
1042,21099,Hart,0.9056,0.214
1043,21101,Henderson,0.8923,0.533
1044,21103,Henry,0.8416,0.073
1045,21105,Hickman,0.3247,0.134
1046,21107,Hopkins,0.8195,0.344
1047,21109,Jackson,0.9999,0.382
1048,21111,Jefferson,0.9998,0.579
1049,21113,Jessamine,0.9855,0.408
1050,21115,Johnson,0.9877,0.388
1051,21117,Kenton,0.9951,0.618
1052,21119,Knott,0.9923,0.267
1053,21121,Knox,0.9489,0.284
1054,21123,Larue,0.8753,0.362
1055,21125,Laurel,0.9882,0.611
1056,21127,Lawrence,1,0.327
1057,21129,Lee,0.4539,0.091
1058,21131,Leslie,0.7925,0.091
1059,21133,Letcher,0.9672,0.151
1060,21135,Lewis,0.9159,0.064
1061,21137,Lincoln,0.7891,0.064
1062,21139,Livingston,0.8314,0.099
1063,21141,Logan,0.7192,0.31
1064,21143,Lyon,0.2823,0.078
1065,21145,McCracken,0.9775,0.524
1066,21147,McCreary,1,0.243
1067,21149,McLean,0.5062,0.061
1068,21151,Madison,0.9589,0.475
1069,21153,Magoffin,1,0.329
1070,21155,Marion,0.9091,0.27
1071,21157,Marshall,0.9687,0.379
1072,21159,Martin,0.819,0.307
1073,21161,Mason,1,0.227
1074,21163,Meade,1,0.638
1075,21165,Menifee,1,0.249
1076,21167,Mercer,0.9891,0.28
1077,21169,Metcalfe,0.7605,0.167
1078,21171,Monroe,0.8813,0.093
1079,21173,Montgomery,0.9998,0.447
1080,21175,Morgan,1,0.49
1081,21177,Muhlenberg,0.8033,0.26
1082,21179,Nelson,0.9592,0.393
1083,21181,Nicholas,1,0.043
1084,21183,Ohio,0.4722,0.17
1085,21185,Oldham,0.9858,0.52
1086,21187,Owen,0.8985,0.164
1087,21189,Owsley,1,0.374
1088,21191,Pendleton,0.8523,0.281
1089,21193,Perry,0.9736,0.132
1090,21195,Pike,0.9396,0.321
1091,21197,Powell,0.7597,0.168
1092,21199,Pulaski,0.981,0.441
1093,21201,Robertson,1,0.088
1094,21203,Rockcastle,0.9521,0.116
1095,21205,Rowan,0.9901,0.319
1096,21207,Russell,0.8605,0.606
1097,21209,Scott,0.9882,0.5
1098,21211,Shelby,0.998,0.516
1099,21213,Simpson,0.6808,0.477
1100,21215,Spencer,0.993,0.197
1101,21217,Taylor,0.9391,0.32
1102,21219,Todd,0.4946,0.076
1103,21221,Trigg,0.6974,0.277
1104,21223,Trimble,0.8323,0.072
1105,21225,Union,0.8097,0.29
1106,21227,Warren,0.934,0.511
1107,21229,Washington,0.8402,0.117
1108,21231,Wayne,0.8306,0.178
1109,21233,Webster,0.6295,0.093
1110,21235,Whitley,0.9653,0.483
1111,21237,Wolfe,1,0.201
1112,21239,Woodford,0.9909,0.38
1113,22001,Acadia,0.7202,0.22
1114,22003,Allen,0.6107,0.115
1115,22005,Ascension,0.9878,0.692
1116,22007,Assumption,0.9886,0.157
1117,22009,Avoyelles,0.726,0.13
1118,22011,Beauregard,0.4305,0.257
1119,22013,Bienville,0.2124,0.056
1120,22015,Bossier,0.874,0.584
1121,22017,Caddo,0.9619,0.418
1122,22019,Calcasieu,0.8958,0.321
1123,22021,Caldwell,0.5206,0.212
1124,22023,Cameron,0.0184,0.134
1125,22025,Catahoula,0.2629,0.025
1126,22027,Claiborne,0.4999,0.081
1127,22029,Concordia,0.7605,0.095
1128,22031,De Soto,0.7241,0.139
1129,22033,East Baton Rouge,1,0.546
1130,22035,East Carroll,0.6671,0.111
1131,22037,East Feliciana,0.2578,0.062
1132,22039,Evangeline,0.5352,0.168
1133,22041,Franklin,0.3216,0.148
1134,22043,Grant,0.3435,0.105
1135,22045,Iberia,0.9997,0.343
1136,22047,Iberville,0.8499,0.376
1137,22049,Jackson,0.0886,0.033
1138,22051,Jefferson,0.9841,0.533
1139,22053,Jefferson Davis,0.7583,0.126
1140,22055,Lafayette,0.9752,0.636
1141,22057,Lafourche,0.9945,0.66
1142,22059,LaSalle,0.4517,0.09
1143,22061,Lincoln,0.7341,0.502
1144,22063,Livingston,0.9864,0.476
1145,22065,Madison,0.6987,0.199
1146,22067,Morehouse,0.8647,0.323
1147,22069,Natchitoches,0.6733,0.315
1148,22071,Orleans,0.9346,0.403
1149,22073,Ouachita,0.9675,0.439
1150,22075,Plaquemines,0.7534,0.318
1151,22077,Pointe Coupee,0.836,0.223
1152,22079,Rapides,0.8215,0.515
1153,22081,Red River,0.3175,0.072
1154,22083,Richland,0.4937,0.215
1155,22085,Sabine,0.2456,0.062
1156,22087,St. Bernard,0.942,0.402
1157,22089,St. Charles,0.9725,0.528
1158,22091,St. Helena,0.2827,0.066
1159,22093,St. James,0.9948,0.228
1160,22095,St. John the Baptist,0.9996,0.427
1161,22097,St. Landry,0.9477,0.518
1162,22099,St. Martin,0.9933,0.4
1163,22101,St. Mary,0.9833,0.309
1164,22103,St. Tammany,0.9873,0.697
1165,22105,Tangipahoa,0.8879,0.508
1166,22107,Tensas,0.0305,0.054
1167,22109,Terrebonne,0.9969,0.555
1168,22111,Union,0.3405,0.054
1169,22113,Vermilion,0.9609,0.28
1170,22115,Vernon,0.5884,0.346
1171,22117,Washington,0.4575,0.103
1172,22119,Webster,0.6822,0.2
1173,22121,West Baton Rouge,0.9128,0.42
1174,22123,West Carroll,0.3195,0.137
1175,22125,West Feliciana,0.3543,0.151
1176,22127,Winn,0.4009,0.164
1177,23001,Androscoggin,0.9983,0.592
1178,23003,Aroostook,0.9163,0.436
1179,23005,Cumberland,0.9975,0.646
1180,23007,Franklin,0.9062,0.314
1181,23009,Hancock,0.9101,0.48
1182,23011,Kennebec,0.9982,0.586
1183,23013,Knox,0.9839,0.468
1184,23015,Lincoln,0.9645,0.445
1185,23017,Oxford,0.921,0.362
1186,23019,Penobscot,0.9476,0.523
1187,23021,Piscataquis,0.8216,0.234
1188,23023,Sagadahoc,0.9813,0.435
1189,23025,Somerset,0.913,0.282
1190,23027,Waldo,0.8895,0.316
1191,23029,Washington,0.9029,0.314
1192,23031,York,0.9897,0.574
1193,24001,Allegany,0.9059,0.633
1194,24003,Anne Arundel,0.9759,0.846
1195,24005,Baltimore,0.9829,0.8
1196,24009,Calvert,0.9779,0.758
1197,24011,Caroline,0.9333,0.37
1198,24013,Carroll,0.9774,0.677
1199,24015,Cecil,0.968,0.741
1200,24017,Charles,0.9211,0.747
1201,24019,Dorchester,0.8922,0.509
1202,24021,Frederick,0.9776,0.806
1203,24023,Garrett,0.9174,0.479
1204,24025,Harford,0.9906,0.767
1205,24027,Howard,0.9767,0.883
1206,24029,Kent,0.9781,0.403
1207,24031,Montgomery,0.9879,0.81
1208,24033,Prince George's,0.9701,0.864
1209,24035,Queen Anne's,0.9849,0.723
1210,24037,St. Mary's,0.9665,0.862
1211,24039,Somerset,0.9107,0.184
1212,24041,Talbot,0.8717,0.616
1213,24043,Washington,0.9668,0.523
1214,24045,Wicomico,0.9823,0.767
1215,24047,Worcester,0.9074,0.759
1216,24510,Baltimore,0.9872,0.591
1217,25001,Barnstable,0.9864,0.759
1218,25003,Berkshire,0.9398,0.56
1219,25005,Bristol,0.9839,0.715
1220,25007,Dukes,0.9275,0.568
1221,25009,Essex,0.9888,0.713
1222,25011,Franklin,0.8236,0.567
1223,25013,Hampden,0.9814,0.694
1224,25015,Hampshire,0.8729,0.562
1225,25017,Middlesex,0.9867,0.812
1226,25019,Nantucket,0.9878,0.976
1227,25021,Norfolk,0.9783,0.781
1228,25023,Plymouth,0.9784,0.809
1229,25025,Suffolk,0.9843,0.623
1230,25027,Worcester,0.9894,0.734
1231,26001,Alcona,0.7052,0.139
1232,26003,Alger,0.7587,0.311
1233,26005,Allegan,0.9029,0.392
1234,26007,Alpena,0.9211,0.803
1235,26009,Antrim,0.9995,0.363
1236,26011,Arenac,0.6967,0.32
1237,26013,Baraga,0.6344,0.197
1238,26015,Barry,0.8065,0.27
1239,26017,Bay,0.9466,0.663
1240,26019,Benzie,0.9385,0.317
1241,26021,Berrien,0.9481,0.639
1242,26023,Branch,0.9953,0.473
1243,26025,Calhoun,0.9528,0.432
1244,26027,Cass,0.9761,0.396
1245,26029,Charlevoix,0.9814,0.461
1246,26031,Cheboygan,0.8007,0.407
1247,26033,Chippewa,0.7651,0.435
1248,26035,Clare,0.9273,0.248
1249,26037,Clinton,0.9876,0.439
1250,26039,Crawford,0.9361,0.202
1251,26041,Delta,0.8343,0.43
1252,26043,Dickinson,0.7323,0.522
1253,26045,Eaton,0.95,0.453
1254,26047,Emmet,0.9923,0.513
1255,26049,Genesee,0.9893,0.645
1256,26051,Gladwin,0.9705,0.148
1257,26053,Gogebic,0.802,0.56
1258,26055,Grand Traverse,0.9817,0.679
1259,26057,Gratiot,1,0.246
1260,26059,Hillsdale,0.9834,0.263
1261,26061,Houghton,0.8414,0.491
1262,26063,Huron,0.6762,0.346
1263,26065,Ingham,0.9826,0.604
1264,26067,Ionia,0.9998,0.232
1265,26069,Iosco,0.8766,0.455
1266,26071,Iron,0.5198,0.174
1267,26073,Isabella,0.9989,0.608
1268,26075,Jackson,0.9225,0.508
1269,26077,Kalamazoo,0.9825,0.637
1270,26079,Kalkaska,0.8954,0.215
1271,26081,Kent,0.9998,0.654
1272,26083,Keweenaw,0.535,0.127
1273,26085,Lake,0.4265,0.036
1274,26087,Lapeer,0.8318,0.409
1275,26089,Leelanau,0.9639,0.149
1276,26091,Lenawee,0.941,0.427
1277,26093,Livingston,0.9916,0.711
1278,26095,Luce,0.0393,0.093
1279,26097,Mackinac,0.5723,0.165
1280,26099,Macomb,0.9857,0.712
1281,26101,Manistee,0.7618,0.416
1282,26103,Marquette,0.8928,0.597
1283,26105,Mason,0.9338,0.523
1284,26107,Mecosta,1,0.529
1285,26109,Menominee,0.6622,0.125
1286,26111,Midland,0.9778,0.74
1287,26113,Missaukee,0.4388,0.087
1288,26115,Monroe,0.9592,0.612
1289,26117,Montcalm,1,0.468
1290,26119,Montmorency,0.7015,0.098
1291,26121,Muskegon,0.9783,0.571
1292,26123,Newaygo,0.7927,0.243
1293,26125,Oakland,0.9906,0.75
1294,26127,Oceana,0.7624,0.112
1295,26129,Ogemaw,0.9103,0.224
1296,26131,Ontonagon,0.6733,0.103
1297,26133,Osceola,0.9719,0.104
1298,26135,Oscoda,0.9561,0.077
1299,26137,Otsego,0.9486,0.666
1300,26139,Ottawa,0.9965,0.732
1301,26141,Presque Isle,0.8539,0.091
1302,26143,Roscommon,0.9561,0.675
1303,26145,Saginaw,0.9557,0.559
1304,26147,St. Clair,0.8897,0.495
1305,26149,St. Joseph,0.9023,0.552
1306,26151,Sanilac,0.3422,0.121
1307,26153,Schoolcraft,0.572,0.124
1308,26155,Shiawassee,0.9149,0.541
1309,26157,Tuscola,0.6996,0.199
1310,26159,Van Buren,0.8582,0.458
1311,26161,Washtenaw,0.9821,0.627
1312,26163,Wayne,0.9916,0.617
1313,26165,Wexford,0.6708,0.474
1314,27001,Aitkin,0.7224,0.217
1315,27003,Anoka,0.9925,0.71
1316,27005,Becker,0.9421,0.661
1317,27007,Beltrami,0.9934,0.847
1318,27009,Benton,0.9256,0.376
1319,27011,Big Stone,0.9347,0.443
1320,27013,Blue Earth,0.9919,0.765
1321,27015,Brown,0.9779,0.566
1322,27017,Carlton,0.773,0.375
1323,27019,Carver,0.9986,0.674
1324,27021,Cass,0.897,0.26
1325,27023,Chippewa,1,0.3
1326,27025,Chisago,0.9207,0.221
1327,27027,Clay,0.9847,0.466
1328,27029,Clearwater,0.9997,0.27
1329,27031,Cook,0.9848,0.753
1330,27033,Cottonwood,1,0.203
1331,27035,Crow Wing,0.9514,0.755
1332,27037,Dakota,0.9995,0.725
1333,27039,Dodge,1,0.553
1334,27041,Douglas,0.9967,0.621
1335,27043,Faribault,0.9848,0.271
1336,27045,Fillmore,0.9663,0.34
1337,27047,Freeborn,0.9999,0.331
1338,27049,Goodhue,0.9968,0.609
1339,27051,Grant,0.9901,0.344
1340,27053,Hennepin,0.9998,0.692
1341,27055,Houston,0.9073,0.372
1342,27057,Hubbard,0.9811,0.453
1343,27059,Isanti,0.8131,0.572
1344,27061,Itasca,0.9445,0.511
1345,27063,Jackson,1,0.483
1346,27065,Kanabec,0.6318,0.09
1347,27067,Kandiyohi,1,0.545
1348,27069,Kittson,0.7182,0.253
1349,27071,Koochiching,0.8228,0.356
1350,27073,Lac qui Parle,0.9944,0.365
1351,27075,Lake,0.9175,0.274
1352,27077,Lake of the Woods,0.607,0.318
1353,27079,Le Sueur,0.997,0.469
1354,27081,Lincoln,1,0.213
1355,27083,Lyon,1,0.557
1356,27085,McLeod,0.9836,0.633
1357,27087,Mahnomen,0.9282,0.225
1358,27089,Marshall,0.8107,0.171
1359,27091,Martin,0.9936,0.461
1360,27093,Meeker,0.9652,0.497
1361,27095,Mille Lacs,0.7691,0.322
1362,27097,Morrison,0.9129,0.23
1363,27099,Mower,0.9992,0.427
1364,27101,Murray,1,0.152
1365,27103,Nicollet,0.9528,0.441
1366,27105,Nobles,1,0.452
1367,27107,Norman,0.9755,0.279
1368,27109,Olmsted,0.9991,0.774
1369,27111,Otter Tail,0.9869,0.426
1370,27113,Pennington,0.9873,0.423
1371,27115,Pine,0.6755,0.193
1372,27117,Pipestone,1,0.397
1373,27119,Polk,0.9949,0.408
1374,27121,Pope,0.9951,0.258
1375,27123,Ramsey,0.9992,0.682
1376,27125,Red Lake,1,0.533
1377,27127,Redwood,1,0.234
1378,27129,Renville,1,0.31
1379,27131,Rice,0.9897,0.576
1380,27133,Rock,1,0.758
1381,27135,Roseau,0.789,0.323
1382,27137,St. Louis,0.8902,0.494
1383,27139,Scott,0.9927,0.733
1384,27141,Sherburne,0.9405,0.691
1385,27143,Sibley,0.9935,0.438
1386,27145,Stearns,0.9623,0.645
1387,27147,Steele,1,0.785
1388,27149,Stevens,0.9898,0.795
1389,27151,Swift,0.9987,0.383
1390,27153,Todd,0.7986,0.426
1391,27155,Traverse,0.9761,0.135
1392,27157,Wabasha,0.9939,0.456
1393,27159,Wadena,0.9714,0.52
1394,27161,Waseca,1,0.258
1395,27163,Washington,0.9833,0.67
1396,27165,Watonwan,0.9964,0.67
1397,27167,Wilkin,0.9965,0.148
1398,27169,Winona,0.9988,0.446
1399,27171,Wright,0.9619,0.578
1400,27173,Yellow Medicine,1,0.272
1401,28001,Adams,0.8488,0.459
1402,28003,Alcorn,0.7763,0.369
1403,28005,Amite,0.747,0.105
1404,28007,Attala,0.5162,0.143
1405,28009,Benton,0.4409,0.141
1406,28011,Bolivar,0.7678,0.35
1407,28013,Calhoun,0.7179,0.122
1408,28015,Carroll,0.276,0.068
1409,28017,Chickasaw,0.5588,0.092
1410,28019,Choctaw,0.5659,0.167
1411,28021,Claiborne,0.414,0.131
1412,28023,Clarke,0.4468,0.087
1413,28025,Clay,0.6469,0.16
1414,28027,Coahoma,0.7518,0.22
1415,28029,Copiah,0.4006,0.073
1416,28031,Covington,0.0451,0.054
1417,28033,DeSoto,0.9656,0.575
1418,28035,Forrest,0.9129,0.231
1419,28037,Franklin,0.2528,0.129
1420,28039,George,0.7602,0.131
1421,28041,Greene,0.2263,0.047
1422,28043,Grenada,0.8029,0.342
1423,28045,Hancock,0.9942,0.317
1424,28047,Harrison,0.9762,0.477
1425,28049,Hinds,0.9176,0.365
1426,28051,Holmes,0.6209,0.07
1427,28053,Humphreys,0.5676,0.149
1428,28055,Issaquena,0.0173,0.145
1429,28057,Itawamba,0.6489,0.131
1430,28059,Jackson,0.9787,0.412
1431,28061,Jasper,0.6047,0.147
1432,28063,Jefferson,0.0309,0.053
1433,28065,Jefferson Davis,0.6537,0.031
1434,28067,Jones,0.786,0.292
1435,28069,Kemper,0.1372,0.027
1436,28071,Lafayette,0.8259,0.482
1437,28073,Lamar,0.8381,0.487
1438,28075,Lauderdale,0.8678,0.355
1439,28077,Lawrence,0.0615,0.049
1440,28079,Leake,0.4547,0.066
1441,28081,Lee,0.8878,0.529
1442,28083,Leflore,0.8134,0.379
1443,28085,Lincoln,0.7191,0.18
1444,28087,Lowndes,0.8988,0.342
1445,28089,Madison,0.9627,0.567
1446,28091,Marion,0.4886,0.057
1447,28093,Marshall,0.6767,0.105
1448,28095,Monroe,0.7177,0.175
1449,28097,Montgomery,0.7877,0.255
1450,28099,Neshoba,0.6451,0.269
1451,28101,Newton,0.6903,0.071
1452,28103,Noxubee,0.4986,0.026
1453,28105,Oktibbeha,0.8646,0.381
1454,28107,Panola,0.7542,0.213
1455,28109,Pearl River,0.9394,0.347
1456,28111,Perry,0.2253,0.012
1457,28113,Pike,0.7852,0.221
1458,28115,Pontotoc,0.5639,0.219
1459,28117,Prentiss,0.6786,0.273
1460,28119,Quitman,0.6188,0.053
1461,28121,Rankin,0.9549,0.463
1462,28123,Scott,0.5739,0.052
1463,28125,Sharkey,0.5547,0.083
1464,28127,Simpson,0.5809,0.074
1465,28129,Smith,0.4511,0.043
1466,28131,Stone,0.8926,0.153
1467,28133,Sunflower,0.7486,0.149
1468,28135,Tallahatchie,0.5486,0.074
1469,28137,Tate,0.7815,0.252
1470,28139,Tippah,0.8456,0.213
1471,28141,Tishomingo,0.6357,0.149
1472,28143,Tunica,0.6806,0.131
1473,28145,Union,0.6678,0.336
1474,28147,Walthall,0.2662,0.031
1475,28149,Warren,0.9745,0.208
1476,28151,Washington,0.9007,0.312
1477,28153,Wayne,0.6252,0.071
1478,28155,Webster,0.4943,0.069
1479,28157,Wilkinson,0.5811,0.091
1480,28159,Winston,0.6873,0.349
1481,28161,Yalobusha,0.6554,0.053
1482,28163,Yazoo,0.7287,0.15
1483,29001,Adair,0.9708,0.475
1484,29003,Andrew,0.8811,0.639
1485,29005,Atchison,0.79,0.129
1486,29007,Audrain,0.9536,0.73
1487,29009,Barry,0.979,0.416
1488,29011,Barton,0.7403,0.047
1489,29013,Bates,0.6578,0.142
1490,29015,Benton,0.3123,0.171
1491,29017,Bollinger,0.0161,0.066
1492,29019,Boone,0.9249,0.466
1493,29021,Buchanan,0.891,0.488
1494,29023,Butler,0.8241,0.262
1495,29025,Caldwell,0.3756,0.148
1496,29027,Callaway,1,0.586
1497,29029,Camden,0.9137,0.625
1498,29031,Cape Girardeau,0.8576,0.584
1499,29033,Carroll,0.6493,0.196
1500,29035,Carter,0.1824,0.039
1501,29037,Cass,0.9368,0.406
1502,29039,Cedar,0.7473,0.132
1503,29041,Chariton,0.6092,0.419
1504,29043,Christian,1,0.473
1505,29045,Clark,0.846,0.162
1506,29047,Clay,0.9836,0.719
1507,29049,Clinton,0.8253,0.319
1508,29051,Cole,1,0.548
1509,29053,Cooper,0.9999,0.365
1510,29055,Crawford,0.9848,0.171
1511,29057,Dade,0.6309,0.074
1512,29059,Dallas,0.9998,0.1
1513,29061,Daviess,0.7079,0.104
1514,29063,DeKalb,0.6103,0.428
1515,29065,Dent,0.6825,0.267
1516,29067,Douglas,1,0.102
1517,29069,Dunklin,0.998,0.255
1518,29071,Franklin,0.9514,0.405
1519,29073,Gasconade,0.9944,0.183
1520,29075,Gentry,0.9575,0.199
1521,29077,Greene,1,0.547
1522,29079,Grundy,0.9178,0.284
1523,29081,Harrison,0.682,0.187
1524,29083,Henry,0.5075,0.151
1525,29085,Hickory,0.2074,0.082
1526,29087,Holt,0.5769,0.073
1527,29089,Howard,0.1625,0.183
1528,29091,Howell,0.9021,0.252
1529,29093,Iron,0.632,0.146
1530,29095,Jackson,0.9853,0.618
1531,29097,Jasper,0.9814,0.525
1532,29099,Jefferson,0.9647,0.549
1533,29101,Johnson,0.921,0.553
1534,29103,Knox,0.6507,0.269
1535,29105,Laclede,1,0.24
1536,29107,Lafayette,0.7683,0.137
1537,29109,Lawrence,0.9905,0.186
1538,29111,Lewis,0.8937,0.412
1539,29113,Lincoln,0.9238,0.497
1540,29115,Linn,0.8876,0.497
1541,29117,Livingston,0.7564,0.297
1542,29119,McDonald,0.8133,0.091
1543,29121,Macon,0.9439,0.606
1544,29123,Madison,0.5153,0.102
1545,29125,Maries,0.9963,0.036
1546,29127,Marion,0.9862,0.596
1547,29129,Mercer,0.6939,0.221
1548,29131,Miller,0.9648,0.141
1549,29133,Mississippi,0.9249,0.151
1550,29135,Moniteau,1,0.52
1551,29137,Monroe,0.7148,0.146
1552,29139,Montgomery,0.9965,0.172
1553,29141,Morgan,0.9851,0.512
1554,29143,New Madrid,0.9508,0.157
1555,29145,Newton,0.9999,0.185
1556,29147,Nodaway,0.9116,0.454
1557,29149,Oregon,0.2077,0.138
1558,29151,Osage,1,0.1
1559,29153,Ozark,0.0375,0.048
1560,29155,Pemiscot,0.9066,0.085
1561,29157,Perry,0.5334,0.6
1562,29159,Pettis,0.7534,0.375
1563,29161,Phelps,0.8391,0.371
1564,29163,Pike,0.7128,0.196
1565,29165,Platte,0.9547,0.587
1566,29167,Polk,0.9355,0.352
1567,29169,Pulaski,0.9443,0.353
1568,29171,Putnam,0.9514,0.122
1569,29173,Ralls,0.9836,0.367
1570,29175,Randolph,0.742,0.321
1571,29177,Ray,0.6515,0.168
1572,29179,Reynolds,0.5219,0.037
1573,29181,Ripley,0.2467,0.078
1574,29183,St. Charles,0.9878,0.758
1575,29185,St. Clair,0.1184,0.032
1576,29186,Ste. Genevieve,0.5856,0.113
1577,29187,St. Francois,0.8932,0.502
1578,29189,St. Louis,0.999,0.711
1579,29195,Saline,0.8107,0.257
1580,29197,Schuyler,0.9197,0.161
1581,29199,Scotland,0.9231,0.2
1582,29201,Scott,0.9198,0.669
1583,29203,Shannon,0.1506,0.014
1584,29205,Shelby,0.9283,0.195
1585,29207,Stoddard,0.8957,0.291
1586,29209,Stone,1,0.097
1587,29211,Sullivan,0.7862,0.188
1588,29213,Taney,0.9626,0.52
1589,29215,Texas,0.764,0.09
1590,29217,Vernon,0.7595,0.212
1591,29219,Warren,0.8298,0.429
1592,29221,Washington,0.5092,0.079
1593,29223,Wayne,0.4328,0.087
1594,29225,Webster,1,0.141
1595,29227,Worth,0.5931,0.071
1596,29229,Wright,1,0.098
1597,29510,St. Louis,1,0.509
1598,30001,Beaverhead,0.8365,0.344
1599,30003,Big Horn,0.4524,0.193
1600,30005,Blaine,0.9832,0.316
1601,30007,Broadwater,0.5945,0.17
1602,30009,Carbon,0.4809,0.257
1603,30011,Carter,0.5256,0.191
1604,30013,Cascade,0.9978,0.673
1605,30015,Chouteau,0.9892,0.274
1606,30017,Custer,0.9193,0.68
1607,30019,Daniels,0.9828,0.375
1608,30021,Dawson,0.8842,0.524
1609,30023,Deer Lodge,0.7914,0.499
1610,30025,Fallon,0.7646,0.538
1611,30027,Fergus,0.8725,0.512
1612,30029,Flathead,0.8473,0.71
1613,30031,Gallatin,0.99,0.687
1614,30033,Garfield,0.4285,0.779
1615,30035,Glacier,0.6929,0.265
1616,30037,Golden Valley,0.9086,0.275
1617,30039,Granite,0.3036,0.064
1618,30041,Hill,0.9712,0.529
1619,30043,Jefferson,0.6665,0.106
1620,30045,Judith Basin,0.8629,0.114
1621,30047,Lake,0.7069,0.363
1622,30049,Lewis and Clark,0.9918,0.61
1623,30051,Liberty,0.988,0.206
1624,30053,Lincoln,0.7402,0.183
1625,30055,McCone,0.4946,0.514
1626,30057,Madison,0.693,0.513
1627,30059,Meagher,0.9656,0.186
1628,30061,Mineral,0.3587,0.075
1629,30063,Missoula,0.9317,0.589
1630,30065,Musselshell,0.5888,0.498
1631,30067,Park,0.7069,0.421
1632,30069,Petroleum,0.4004,0.261
1633,30071,Phillips,0.8275,0.144
1634,30073,Pondera,0.379,0.207
1635,30075,Powder River,0.5672,0.241
1636,30077,Powell,0.5443,0.128
1637,30079,Prairie,0.6342,0.329
1638,30081,Ravalli,0.8991,0.262
1639,30083,Richland,0.7874,0.665
1640,30085,Roosevelt,0.7559,0.282
1641,30087,Rosebud,0.6433,0.208
1642,30089,Sanders,0.3304,0.103
1643,30091,Sheridan,0.8178,0.27
1644,30093,Silver Bow,0.9589,0.55
1645,30095,Stillwater,0.7274,0.079
1646,30097,Sweet Grass,0.9181,0.332
1647,30099,Teton,0.5648,0.345
1648,30101,Toole,0.4426,0.127
1649,30103,Treasure,0.6839,0.033
1650,30105,Valley,0.8119,0.292
1651,30107,Wheatland,0.9713,0.201
1652,30109,Wibaux,0.0826,0.125
1653,30111,Yellowstone,0.9352,0.69
1654,31001,Adams,0.939,0.637
1655,31003,Antelope,0.8012,0.198
1656,31005,Arthur,0.7559, -   
1657,31007,Banner,0.9879, -   
1658,31009,Blaine,0.4839,0.097
1659,31011,Boone,0.6308,0.159
1660,31013,Box Butte,0.9849,0.535
1661,31015,Boyd,0.9943,0.424
1662,31017,Brown,0.268,0.109
1663,31019,Buffalo,0.9653,0.713
1664,31021,Burt,0.981,0.266
1665,31023,Butler,1,0.243
1666,31025,Cass,1,0.419
1667,31027,Cedar,0.6553,0.267
1668,31029,Chase,1,0.48
1669,31031,Cherry,0.515,0.146
1670,31033,Cheyenne,0.9522,0.436
1671,31035,Clay,0.7429,0.219
1672,31037,Colfax,1,0.132
1673,31039,Cuming,0.89,0.284
1674,31041,Custer,0.6641,0.244
1675,31043,Dakota,0.9079,0.271
1676,31045,Dawes,0.7901,0.339
1677,31047,Dawson,0.9018,0.435
1678,31049,Deuel,0.9409,0.111
1679,31051,Dixon,0.9237,0.301
1680,31053,Dodge,1,0.55
1681,31055,Douglas,1,0.657
1682,31057,Dundy,0.961,0.449
1683,31059,Fillmore,0.8411,0.598
1684,31061,Franklin,0.72,0.216
1685,31063,Frontier,0.7678,0.043
1686,31065,Furnas,0.7868,0.191
1687,31067,Gage,0.9535,0.407
1688,31069,Garden,0.9249,0.073
1689,31071,Garfield,0.9025,0.23
1690,31073,Gosper,0.5251,0.26
1691,31075,Grant,0.6934,0.108
1692,31077,Greeley,0.3565,0.136
1693,31079,Hall,0.9978,0.689
1694,31081,Hamilton,0.9944,0.409
1695,31083,Harlan,0.7559,0.074
1696,31085,Hayes,0.8766,0.159
1697,31087,Hitchcock,0.9743,0.174
1698,31089,Holt,0.8074,0.206
1699,31091,Hooker,0.9413,0.123
1700,31093,Howard,0.8116,0.178
1701,31095,Jefferson,0.6807,0.351
1702,31097,Johnson,1,0.116
1703,31099,Kearney,0.8987,0.333
1704,31101,Keith,0.9459,0.589
1705,31103,Keya Paha,0.9653,0.163
1706,31105,Kimball,0.9705,0.215
1707,31107,Knox,0.5193,0.133
1708,31109,Lancaster,1,0.677
1709,31111,Lincoln,0.9431,0.558
1710,31113,Logan,0.2366,0.186
1711,31115,Loup,0.8462,0.089
1712,31117,McPherson,0.5182, -   
1713,31119,Madison,0.9669,0.536
1714,31121,Merrick,0.9381,0.267
1715,31123,Morrill,0.9819,0.268
1716,31125,Nance,0.8068,0.203
1717,31127,Nemaha,1,0.31
1718,31129,Nuckolls,0.7406,0.429
1719,31131,Otoe,1,0.416
1720,31133,Pawnee,0.8898,0.078
1721,31135,Perkins,0.9588,0.322
1722,31137,Phelps,0.9311,0.281
1723,31139,Pierce,0.8127,0.183
1724,31141,Platte,0.9838,0.535
1725,31143,Polk,0.9944,0.244
1726,31145,Red Willow,0.989,0.346
1727,31147,Richardson,0.9959,0.272
1728,31149,Rock,0.7377,0.108
1729,31151,Saline,0.9944,0.451
1730,31153,Sarpy,1,0.726
1731,31155,Saunders,1,0.361
1732,31157,Scotts Bluff,1,0.683
1733,31159,Seward,1,0.635
1734,31161,Sheridan,0.5198,0.12
1735,31163,Sherman,0.7434,0.184
1736,31165,Sioux,1,0.072
1737,31167,Stanton,0.912,0.26
1738,31169,Thayer,0.6502,0.341
1739,31171,Thomas,0.8019,0.1
1740,31173,Thurston,0.5868,0.235
1741,31175,Valley,0.7814,0.262
1742,31177,Washington,1,0.239
1743,31179,Wayne,0.7327,0.346
1744,31181,Webster,0.5612,0.393
1745,31183,Wheeler,0.7791,0.264
1746,31185,York,0.9915,0.589
1747,32001,Churchill,0.8894,0.756
1748,32003,Clark,0.9938,0.781
1749,32005,Douglas,0.9652,0.644
1750,32007,Elko,0.7842,0.129
1751,32009,Esmeralda,0.2325,0.074
1752,32011,Eureka,0.0621,0.026
1753,32013,Humboldt,0.9074,0.18
1754,32015,Lander,0.0022,0.056
1755,32017,Lincoln,0.8703,0.145
1756,32019,Lyon,0.8227,0.563
1757,32021,Mineral,0.7154,0.315
1758,32023,Nye,0.8587,0.535
1759,32027,Pershing,0.1767,0.035
1760,32029,Storey,0.6911,0.176
1761,32031,Washoe,0.9722,0.73
1762,32033,White Pine,0.0095,0.083
1763,32510,Carson City,0.9948,0.796
1764,33001,Belknap,0.9732,0.774
1765,33003,Carroll,0.9774,0.625
1766,33005,Cheshire,0.8636,0.404
1767,33007,Coos,0.8917,0.426
1768,33009,Grafton,0.9401,0.563
1769,33011,Hillsborough,0.9817,0.871
1770,33013,Merrimack,0.9779,0.786
1771,33015,Rockingham,0.99,0.844
1772,33017,Strafford,0.984,0.726
1773,33019,Sullivan,0.8682,0.629
1774,34001,Atlantic,0.979,0.639
1775,34003,Bergen,0.9961,0.833
1776,34005,Burlington,0.9849,0.778
1777,34007,Camden,0.9881,0.776
1778,34009,Cape May,0.9861,0.749
1779,34011,Cumberland,0.9687,0.55
1780,34013,Essex,0.9864,0.731
1781,34015,Gloucester,0.9902,0.738
1782,34017,Hudson,0.9873,0.684
1783,34019,Hunterdon,0.9901,0.693
1784,34021,Mercer,0.977,0.816
1785,34023,Middlesex,0.967,0.832
1786,34025,Monmouth,0.9904,0.847
1787,34027,Morris,0.9689,0.864
1788,34029,Ocean,0.9862,0.736
1789,34031,Passaic,0.9935,0.804
1790,34033,Salem,0.9745,0.534
1791,34035,Somerset,0.9927,0.831
1792,34037,Sussex,0.9966,0.58
1793,34039,Union,0.9931,0.784
1794,34041,Warren,0.9893,0.614
1795,35001,Bernalillo,0.99,0.615
1796,35003,Catron,0.0831,0.053
1797,35005,Chaves,0.9159,0.337
1798,35006,Cibola,0.6765,0.232
1799,35007,Colfax,0.2637,0.111
1800,35009,Curry,0.9182,0.576
1801,35011,De Baca,0.8124,0.455
1802,35013,Dona Ana,0.8459,0.335
1803,35015,Eddy,0.8468,0.434
1804,35017,Grant,0.8555,0.273
1805,35019,Guadalupe,0.6833,0.463
1806,35021,Harding,0.6864,0.477
1807,35023,Hidalgo,0.0715,0.035
1808,35025,Lea,0.932,0.536
1809,35027,Lincoln,0.8645,0.454
1810,35028,Los Alamos,0.9943,0.665
1811,35029,Luna,0.5815,0.098
1812,35031,McKinley,0.5141,0.135
1813,35033,Mora,0.6355,0.164
1814,35035,Otero,0.7886,0.436
1815,35037,Quay,0.6226,0.385
1816,35039,Rio Arriba,0.8619,0.16
1817,35041,Roosevelt,0.8104,0.333
1818,35043,Sandoval,0.9168,0.464
1819,35045,San Juan,0.7837,0.482
1820,35047,San Miguel,0.4943,0.101
1821,35049,Santa Fe,0.9806,0.375
1822,35051,Sierra,0.8211,0.248
1823,35053,Socorro,0.0453,0.211
1824,35055,Taos,0.7825,0.384
1825,35057,Torrance,0.4439,0.074
1826,35059,Union,0.7637,0.291
1827,35061,Valencia,0.8646,0.305
1828,36001,Albany,0.9975,0.696
1829,36003,Allegany,0.7666,0.305
1830,36005,Bronx,0.9817,0.486
1831,36007,Broome,0.9913,0.621
1832,36009,Cattaraugus,0.8212,0.32
1833,36011,Cayuga,0.9692,0.675
1834,36013,Chautauqua,0.9784,0.575
1835,36015,Chemung,0.9804,0.649
1836,36017,Chenango,0.9575,0.345
1837,36019,Clinton,0.9351,0.595
1838,36021,Columbia,0.992,0.495
1839,36023,Cortland,0.9575,0.496
1840,36025,Delaware,0.9766,0.462
1841,36027,Dutchess,0.9783,0.827
1842,36029,Erie,0.9984,0.656
1843,36031,Essex,0.9391,0.398
1844,36033,Franklin,0.9536,0.491
1845,36035,Fulton,0.9665,0.624
1846,36037,Genesee,0.9588,0.531
1847,36039,Greene,0.9828,0.687
1848,36041,Hamilton,0.853,0.637
1849,36043,Herkimer,0.9365,0.44
1850,36045,Jefferson,0.9848,0.62
1851,36047,Kings,0.9978,0.568
1852,36049,Lewis,0.8551,0.186
1853,36051,Livingston,0.9072,0.439
1854,36053,Madison,0.9418,0.45
1855,36055,Monroe,0.9999,0.59
1856,36057,Montgomery,0.9793,0.608
1857,36059,Nassau,0.9926,0.874
1858,36061,New York,1,0.55
1859,36063,Niagara,0.9933,0.642
1860,36065,Oneida,0.971,0.57
1861,36067,Onondaga,0.999,0.708
1862,36069,Ontario,0.9945,0.622
1863,36071,Orange,0.9878,0.785
1864,36073,Orleans,0.9745,0.56
1865,36075,Oswego,0.995,0.584
1866,36077,Otsego,0.9168,0.52
1867,36079,Putnam,0.9894,0.827
1868,36081,Queens,0.9996,0.689
1869,36083,Rensselaer,0.9997,0.707
1870,36085,Richmond,1,0.713
1871,36087,Rockland,0.9872,0.769
1872,36089,St. Lawrence,0.9537,0.513
1873,36091,Saratoga,0.9991,0.592
1874,36093,Schenectady,0.9998,0.719
1875,36095,Schoharie,0.9909,0.4
1876,36097,Schuyler,0.9738,0.506
1877,36099,Seneca,0.9956,0.387
1878,36101,Steuben,0.8998,0.492
1879,36103,Suffolk,0.9652,0.854
1880,36105,Sullivan,0.9947,0.515
1881,36107,Tioga,0.9636,0.364
1882,36109,Tompkins,0.986,0.554
1883,36111,Ulster,0.9953,0.696
1884,36113,Warren,0.9621,0.803
1885,36115,Washington,0.9766,0.282
1886,36117,Wayne,0.9636,0.565
1887,36119,Westchester,0.9872,0.758
1888,36121,Wyoming,0.8541,0.354
1889,36123,Yates,0.9327,0.504
1890,37001,Alamance,0.9882,0.608
1891,37003,Alexander,0.9888,0.352
1892,37005,Alleghany,0.9981,0.495
1893,37007,Anson,0.8944,0.2
1894,37009,Ashe,0.996,0.504
1895,37011,Avery,0.9814,0.328
1896,37013,Beaufort,0.8636,0.335
1897,37015,Bertie,0.7442,0.13
1898,37017,Bladen,0.7188,0.279
1899,37019,Brunswick,0.9778,0.755
1900,37021,Buncombe,0.9919,0.729
1901,37023,Burke,0.9883,0.484
1902,37025,Cabarrus,0.9953,0.801
1903,37027,Caldwell,0.995,0.672
1904,37029,Camden,0.9345,0.331
1905,37031,Carteret,0.9981,0.549
1906,37033,Caswell,0.5726,0.111
1907,37035,Catawba,0.9954,0.66
1908,37037,Chatham,0.8354,0.352
1909,37039,Cherokee,0.8362,0.265
1910,37041,Chowan,0.9706,0.332
1911,37043,Clay,0.8184,0.313
1912,37045,Cleveland,0.9683,0.606
1913,37047,Columbus,0.8407,0.277
1914,37049,Craven,0.9016,0.662
1915,37051,Cumberland,0.9951,0.644
1916,37053,Currituck,0.9733,0.456
1917,37055,Dare,0.9924,0.706
1918,37057,Davidson,0.9963,0.668
1919,37059,Davie,0.9956,0.792
1920,37061,Duplin,0.6969,0.182
1921,37063,Durham,0.9935,0.653
1922,37065,Edgecombe,0.8455,0.348
1923,37067,Forsyth,0.9998,0.659
1924,37069,Franklin,0.8665,0.363
1925,37071,Gaston,0.9983,0.732
1926,37073,Gates,0.5861,0.047
1927,37075,Graham,0.6612,0.094
1928,37077,Granville,0.8693,0.393
1929,37079,Greene,0.2641,0.127
1930,37081,Guilford,0.9982,0.651
1931,37083,Halifax,0.8264,0.361
1932,37085,Harnett,0.9519,0.467
1933,37087,Haywood,0.8348,0.483
1934,37089,Henderson,0.9263,0.459
1935,37091,Hertford,0.8264,0.281
1936,37093,Hoke,0.8957,0.624
1937,37095,Hyde,0.1205,0.069
1938,37097,Iredell,0.9833,0.697
1939,37099,Jackson,0.6056,0.258
1940,37101,Johnston,0.9461,0.671
1941,37103,Jones,0.5078,0.115
1942,37105,Lee,0.9829,0.69
1943,37107,Lenoir,0.8244,0.329
1944,37109,Lincoln,0.9872,0.773
1945,37111,McDowell,0.8309,0.418
1946,37113,Macon,0.6938,0.307
1947,37115,Madison,0.7294,0.272
1948,37117,Martin,0.6887,0.216
1949,37119,Mecklenburg,1,0.791
1950,37121,Mitchell,0.8991,0.317
1951,37123,Montgomery,0.6692,0.104
1952,37125,Moore,0.905,0.562
1953,37127,Nash,0.8852,0.398
1954,37129,New Hanover,0.9984,0.794
1955,37131,Northampton,0.8082,0.064
1956,37133,Onslow,0.9714,0.676
1957,37135,Orange,0.9404,0.552
1958,37137,Pamlico,0.8598,0.432
1959,37139,Pasquotank,0.9988,0.744
1960,37141,Pender,0.7822,0.598
1961,37143,Perquimans,0.8779,0.198
1962,37145,Person,0.9887,0.271
1963,37147,Pitt,0.9028,0.449
1964,37149,Polk,0.899,0.208
1965,37151,Randolph,0.9753,0.505
1966,37153,Richmond,0.9375,0.457
1967,37155,Robeson,0.8515,0.401
1968,37157,Rockingham,0.9706,0.472
1969,37159,Rowan,0.9819,0.608
1970,37161,Rutherford,0.9247,0.221
1971,37163,Sampson,0.6531,0.143
1972,37165,Scotland,0.9111,0.275
1973,37167,Stanly,0.985,0.47
1974,37169,Stokes,0.9747,0.393
1975,37171,Surry,0.9977,0.452
1976,37173,Swain,0.6714,0.184
1977,37175,Transylvania,0.8989,0.547
1978,37177,Tyrrell,0.5209,0.058
1979,37179,Union,0.9901,0.807
1980,37181,Vance,0.95,0.401
1981,37183,Wake,0.9986,0.779
1982,37185,Warren,0.6713,0.156
1983,37187,Washington,0.8326,0.11
1984,37189,Watauga,0.9868,0.779
1985,37191,Wayne,0.9665,0.473
1986,37193,Wilkes,0.9936,0.522
1987,37195,Wilson,0.9828,0.676
1988,37197,Yadkin,0.9926,0.509
1989,37199,Yancey,0.9086,0.562
1990,38001,Adams,1,0.633
1991,38003,Barnes,0.9551,0.439
1992,38005,Benson,0.9955,0.324
1993,38007,Billings,0.5366,0.091
1994,38009,Bottineau,0.9987,0.305
1995,38011,Bowman,1,0.521
1996,38013,Burke,0.8184,0.298
1997,38015,Burleigh,0.9879,0.746
1998,38017,Cass,0.9632,0.674
1999,38019,Cavalier,1,0.534
2000,38021,Dickey,0.9977,0.78
2001,38023,Divide,0.9594,0.243
2002,38025,Dunn,0.9821,0.623
2003,38027,Eddy,1,0.36
2004,38029,Emmons,1,0.522
2005,38031,Foster,1,0.611
2006,38033,Golden Valley,0.607,0.256
2007,38035,Grand Forks,0.9875,0.68
2008,38037,Grant,0.9653,0.396
2009,38039,Griggs,0.9561,0.739
2010,38041,Hettinger,1,0.366
2011,38043,Kidder,1,0.45
2012,38045,LaMoure,1,0.521
2013,38047,Logan,1,0.519
2014,38049,McHenry,0.9993,0.149
2015,38051,McIntosh,1,0.402
2016,38053,McKenzie,0.7279,0.878
2017,38055,McLean,0.9179,0.378
2018,38057,Mercer,0.9987,0.746
2019,38059,Morton,0.9692,0.314
2020,38061,Mountrail,0.8628,0.791
2021,38063,Nelson,1,0.278
2022,38065,Oliver,0.9974,0.692
2023,38067,Pembina,1,0.469
2024,38069,Pierce,1,0.361
2025,38071,Ramsey,1,0.485
2026,38073,Ransom,0.9937,0.571
2027,38075,Renville,0.9875,0.339
2028,38077,Richland,0.9976,0.616
2029,38079,Rolette,0.9891,0.5
2030,38081,Sargent,0.9997,0.596
2031,38083,Sheridan,0.9977,0.164
2032,38085,Sioux,0.9667,0.305
2033,38087,Slope,0.9827,0.333
2034,38089,Stark,0.9806,0.517
2035,38091,Steele,0.9598,0.283
2036,38093,Stutsman,0.9803,0.661
2037,38095,Towner,0.8693,0.314
2038,38097,Traill,0.9798,0.259
2039,38099,Walsh,0.9768,0.411
2040,38101,Ward,0.9762,0.697
2041,38103,Wells,1,0.388
2042,38105,Williams,0.9484,0.747
2043,39001,Adams,0.7436,0.167
2044,39003,Allen,0.9839,0.559
2045,39005,Ashland,1,0.641
2046,39007,Ashtabula,0.9315,0.461
2047,39009,Athens,0.7734,0.257
2048,39011,Auglaize,0.9605,0.597
2049,39013,Belmont,0.8946,0.43
2050,39015,Brown,0.8635,0.168
2051,39017,Butler,0.9983,0.677
2052,39019,Carroll,0.6838,0.282
2053,39021,Champaign,0.9232,0.393
2054,39023,Clark,0.9974,0.522
2055,39025,Clermont,0.9946,0.756
2056,39027,Clinton,0.8199,0.365
2057,39029,Columbiana,0.8442,0.446
2058,39031,Coshocton,0.7323,0.347
2059,39033,Crawford,0.996,0.506
2060,39035,Cuyahoga,0.995,0.641
2061,39037,Darke,0.951,0.383
2062,39039,Defiance,1,0.483
2063,39041,Delaware,0.9942,0.794
2064,39043,Erie,1,0.491
2065,39045,Fairfield,0.9776,0.645
2066,39047,Fayette,0.8774,0.435
2067,39049,Franklin,0.9999,0.672
2068,39051,Fulton,0.9998,0.316
2069,39053,Gallia,0.8825,0.121
2070,39055,Geauga,0.9356,0.581
2071,39057,Greene,0.9814,0.544
2072,39059,Guernsey,0.8276,0.372
2073,39061,Hamilton,0.9999,0.631
2074,39063,Hancock,0.9799,0.538
2075,39065,Hardin,0.9723,0.395
2076,39067,Harrison,0.6537,0.071
2077,39069,Henry,1,0.359
2078,39071,Highland,0.7459,0.274
2079,39073,Hocking,0.7108,0.26
2080,39075,Holmes,1,0.261
2081,39077,Huron,1,0.435
2082,39079,Jackson,0.8578,0.316
2083,39081,Jefferson,0.9276,0.521
2084,39083,Knox,0.7833,0.46
2085,39085,Lake,0.9992,0.58
2086,39087,Lawrence,0.8642,0.557
2087,39089,Licking,0.9543,0.608
2088,39091,Logan,0.9455,0.322
2089,39093,Lorain,1,0.659
2090,39095,Lucas,0.9893,0.473
2091,39097,Madison,0.9417,0.281
2092,39099,Mahoning,0.9869,0.593
2093,39101,Marion,0.994,0.516
2094,39103,Medina,1,0.786
2095,39105,Meigs,0.6713,0.164
2096,39107,Mercer,1,0.497
2097,39109,Miami,0.9927,0.616
2098,39111,Monroe,0.3943,0.091
2099,39113,Montgomery,0.998,0.627
2100,39115,Morgan,0.6088,0.103
2101,39117,Morrow,0.8083,0.441
2102,39119,Muskingum,0.8931,0.665
2103,39121,Noble,0.6655,0.103
2104,39123,Ottawa,1,0.501
2105,39125,Paulding,1,0.191
2106,39127,Perry,0.7183,0.311
2107,39129,Pickaway,0.9343,0.408
2108,39131,Pike,0.8775,0.322
2109,39133,Portage,0.9927,0.539
2110,39135,Preble,0.9877,0.466
2111,39137,Putnam,0.9999,0.387
2112,39139,Richland,0.9979,0.52
2113,39141,Ross,0.9443,0.452
2114,39143,Sandusky,1,0.531
2115,39145,Scioto,0.9054,0.495
2116,39147,Seneca,0.9675,0.512
2117,39149,Shelby,0.9766,0.533
2118,39151,Stark,0.9946,0.58
2119,39153,Summit,0.9999,0.596
2120,39155,Trumbull,0.9754,0.513
2121,39157,Tuscarawas,0.8931,0.592
2122,39159,Union,0.9947,0.684
2123,39161,Van Wert,1,0.486
2124,39163,Vinton,0.6607,0.141
2125,39165,Warren,0.9826,0.777
2126,39167,Washington,0.7813,0.433
2127,39169,Wayne,0.9783,0.428
2128,39171,Williams,0.9999,0.426
2129,39173,Wood,1,0.573
2130,39175,Wyandot,0.9525,0.426
2131,40001,Adair,0.7634,0.309
2132,40003,Alfalfa,0.9435,0.15
2133,40005,Atoka,0.5262,0.117
2134,40007,Beaver,0.8027,0.238
2135,40009,Beckham,0.7207,0.432
2136,40011,Blaine,0.8255,0.233
2137,40013,Bryan,0.9658,0.378
2138,40015,Caddo,0.5297,0.135
2139,40017,Canadian,0.8857,0.701
2140,40019,Carter,1,0.559
2141,40021,Cherokee,0.7994,0.645
2142,40023,Choctaw,0.3648,0.096
2143,40025,Cimarron,0.7426,0.209
2144,40027,Cleveland,0.9484,0.688
2145,40029,Coal,0.7853,0.066
2146,40031,Comanche,0.9467,0.502
2147,40033,Cotton,0.5835,0.206
2148,40035,Craig,0.9955,0.176
2149,40037,Creek,0.6785,0.411
2150,40039,Custer,0.7881,0.413
2151,40041,Delaware,0.908,0.485
2152,40043,Dewey,0.3267,0.158
2153,40045,Ellis,0.737,0.102
2154,40047,Garfield,0.8676,0.461
2155,40049,Garvin,0.7845,0.169
2156,40051,Grady,0.6878,0.347
2157,40053,Grant,0.8994,0.127
2158,40055,Greer,0.5061,0.136
2159,40057,Harmon,0.8805,0.048
2160,40059,Harper,0.8381,0.093
2161,40061,Haskell,0.3944,0.152
2162,40063,Hughes,0.5391,0.1
2163,40065,Jackson,0.798,0.474
2164,40067,Jefferson,0.6651,0.09
2165,40069,Johnston,0.9401,0.163
2166,40071,Kay,0.9472,0.369
2167,40073,Kingfisher,0.9255,0.591
2168,40075,Kiowa,0.7331,0.132
2169,40077,Latimer,0.5198,0.076
2170,40079,Le Flore,0.5521,0.19
2171,40081,Lincoln,0.9168,0.111
2172,40083,Logan,1,0.407
2173,40085,Love,1,0.224
2174,40087,McClain,0.8554,0.718
2175,40089,McCurtain,0.5648,0.2
2176,40091,McIntosh,0.4087,0.245
2177,40093,Major,0.3517,0.264
2178,40095,Marshall,1,0.104
2179,40097,Mayes,0.952,0.252
2180,40099,Murray,0.9999,0.145
2181,40101,Muskogee,0.6767,0.462
2182,40103,Noble,0.9304,0.096
2183,40105,Nowata,0.8503,0.083
2184,40107,Okfuskee,0.3664,0.12
2185,40109,Oklahoma,0.9685,0.633
2186,40111,Okmulgee,0.5419,0.224
2187,40113,Osage,0.7369,0.181
2188,40115,Ottawa,0.9995,0.191
2189,40117,Pawnee,0.3493,0.083
2190,40119,Payne,1,0.434
2191,40121,Pittsburg,0.7485,0.287
2192,40123,Pontotoc,0.9338,0.431
2193,40125,Pottawatomie,0.8995,0.363
2194,40127,Pushmataha,0.2598,0.077
2195,40129,Roger Mills,0.1267,0.083
2196,40131,Rogers,0.978,0.284
2197,40133,Seminole,0.6123,0.194
2198,40135,Sequoyah,0.3542,0.202
2199,40137,Stephens,0.9521,0.423
2200,40139,Texas,0.8792,0.377
2201,40141,Tillman,0.9041,0.116
2202,40143,Tulsa,0.9835,0.642
2203,40145,Wagoner,0.8904,0.481
2204,40147,Washington,0.919,0.443
2205,40149,Washita,0.6747,0.113
2206,40151,Woods,0.9061,0.288
2207,40153,Woodward,0.3441,0.138
2208,41001,Baker,0.7059,0.38
2209,41003,Benton,0.9951,0.747
2210,41005,Clackamas,0.9695,0.804
2211,41007,Clatsop,0.8239,0.788
2212,41009,Columbia,0.8067,0.277
2213,41011,Coos,0.8966,0.622
2214,41013,Crook,0.9163,0.371
2215,41015,Curry,0.9423,0.517
2216,41017,Deschutes,0.9745,0.693
2217,41019,Douglas,0.93,0.635
2218,41021,Gilliam,0.3797,0.409
2219,41023,Grant,0.5769,0.317
2220,41025,Harney,0.6733,0.106
2221,41027,Hood River,0.97,0.571
2222,41029,Jackson,0.927,0.615
2223,41031,Jefferson,0.9725,0.286
2224,41033,Josephine,0.8853,0.543
2225,41035,Klamath,0.8426,0.582
2226,41037,Lake,0.4811,0.306
2227,41039,Lane,0.9402,0.658
2228,41041,Lincoln,0.9544,0.65
2229,41043,Linn,0.9746,0.624
2230,41045,Malheur,0.9515,0.216
2231,41047,Marion,0.9909,0.732
2232,41049,Morrow,0.5708,0.466
2233,41051,Multnomah,0.979,0.83
2234,41053,Polk,0.9676,0.792
2235,41055,Sherman,0.5067,0.082
2236,41057,Tillamook,0.9166,0.658
2237,41059,Umatilla,0.93,0.476
2238,41061,Union,0.8933,0.505
2239,41063,Wallowa,0.9051,0.19
2240,41065,Wasco,0.8508,0.837
2241,41067,Washington,0.9715,0.827
2242,41069,Wheeler, -   ,0.149
2243,41071,Yamhill,0.8515,0.59
2244,42001,Adams,0.9387,0.509
2245,42003,Allegheny,0.9937,0.661
2246,42005,Armstrong,0.9542,0.406
2247,42007,Beaver,0.9829,0.589
2248,42009,Bedford,0.762,0.181
2249,42011,Berks,0.9797,0.567
2250,42013,Blair,0.8689,0.517
2251,42015,Bradford,0.7476,0.368
2252,42017,Bucks,0.9864,0.851
2253,42019,Butler,0.9628,0.645
2254,42021,Cambria,0.9366,0.444
2255,42023,Cameron,0.9481,0.305
2256,42025,Carbon,0.9749,0.537
2257,42027,Centre,0.9386,0.547
2258,42029,Chester,0.9891,0.81
2259,42031,Clarion,0.8551,0.34
2260,42033,Clearfield,0.8075,0.46
2261,42035,Clinton,0.9653,0.608
2262,42037,Columbia,0.7994,0.398
2263,42039,Crawford,0.7874,0.52
2264,42041,Cumberland,0.9256,0.657
2265,42043,Dauphin,0.9843,0.695
2266,42045,Delaware,0.99,0.723
2267,42047,Elk,0.9617,0.386
2268,42049,Erie,0.9488,0.514
2269,42051,Fayette,0.8927,0.489
2270,42053,Forest,0.7235,0.107
2271,42055,Franklin,0.9202,0.605
2272,42057,Fulton,0.6028,0.07
2273,42059,Greene,0.8101,0.281
2274,42061,Huntingdon,0.8276,0.374
2275,42063,Indiana,0.8174,0.402
2276,42065,Jefferson,0.8959,0.343
2277,42067,Juniata,0.8018,0.127
2278,42069,Lackawanna,0.8933,0.634
2279,42071,Lancaster,0.9663,0.643
2280,42073,Lawrence,0.9606,0.555
2281,42075,Lebanon,0.9751,0.638
2282,42077,Lehigh,0.999,0.699
2283,42079,Luzerne,0.9701,0.468
2284,42081,Lycoming,0.9566,0.487
2285,42083,McKean,0.8696,0.377
2286,42085,Mercer,0.9131,0.469
2287,42087,Mifflin,0.9599,0.354
2288,42089,Monroe,0.9934,0.604
2289,42091,Montgomery,0.9897,0.831
2290,42093,Montour,0.7219,0.25
2291,42095,Northampton,0.9999,0.647
2292,42097,Northumberland,0.8726,0.455
2293,42099,Perry,0.8479,0.245
2294,42101,Philadelphia,0.9911,0.591
2295,42103,Pike,0.9853,0.679
2296,42105,Potter,0.6977,0.349
2297,42107,Schuylkill,0.9278,0.387
2298,42109,Snyder,0.7738,0.27
2299,42111,Somerset,0.8582,0.492
2300,42113,Sullivan,0.5814,0.143
2301,42115,Susquehanna,0.6028,0.19
2302,42117,Tioga,0.8997,0.315
2303,42119,Union,0.9366,0.365
2304,42121,Venango,0.909,0.447
2305,42123,Warren,0.7523,0.247
2306,42125,Washington,0.9449,0.551
2307,42127,Wayne,0.6491,0.401
2308,42129,Westmoreland,0.9808,0.629
2309,42131,Wyoming,0.8971,0.403
2310,42133,York,0.9961,0.634
2311,44001,Bristol,0.9997,0.777
2312,44003,Kent,0.9855,0.76
2313,44005,Newport,0.965,0.674
2314,44007,Providence,0.989,0.748
2315,44009,Washington,0.9783,0.747
2316,45001,Abbeville,0.9614,0.399
2317,45003,Aiken,0.7016,0.459
2318,45005,Allendale,0.3125,0.034
2319,45007,Anderson,0.9525,0.514
2320,45009,Bamberg,0.399,0.108
2321,45011,Barnwell,0.5312,0.247
2322,45013,Beaufort,0.884,0.749
2323,45015,Berkeley,0.9445,0.662
2324,45017,Calhoun,0.7855,0.152
2325,45019,Charleston,0.9476,0.629
2326,45021,Cherokee,0.8729,0.352
2327,45023,Chester,0.8705,0.176
2328,45025,Chesterfield,0.6777,0.23
2329,45027,Clarendon,0.9383,0.339
2330,45029,Colleton,0.8822,0.392
2331,45031,Darlington,0.8874,0.532
2332,45033,Dillon,0.7687,0.19
2333,45035,Dorchester,0.9269,0.642
2334,45037,Edgefield,0.6781,0.2
2335,45039,Fairfield,0.7977,0.185
2336,45041,Florence,0.9515,0.495
2337,45043,Georgetown,0.8895,0.504
2338,45045,Greenville,0.9834,0.73
2339,45047,Greenwood,0.9133,0.472
2340,45049,Hampton,0.541,0.098
2341,45051,Horry,0.9984,0.824
2342,45053,Jasper,0.6311,0.267
2343,45055,Kershaw,0.833,0.423
2344,45057,Lancaster,0.874,0.471
2345,45059,Laurens,0.9104,0.269
2346,45061,Lee,0.8477,0.136
2347,45063,Lexington,0.9681,0.615
2348,45065,McCormick,0.4012,0.439
2349,45067,Marion,0.7081,0.322
2350,45069,Marlboro,0.401,0.106
2351,45071,Newberry,0.8173,0.329
2352,45073,Oconee,0.8499,0.227
2353,45075,Orangeburg,0.6524,0.413
2354,45077,Pickens,0.9378,0.417
2355,45079,Richland,0.9762,0.527
2356,45081,Saluda,0.6022,0.071
2357,45083,Spartanburg,0.9595,0.528
2358,45085,Sumter,0.9691,0.476
2359,45087,Union,0.7962,0.089
2360,45089,Williamsburg,0.828,0.127
2361,45091,York,0.965,0.653
2362,46003,Aurora,0.7325,0.499
2363,46005,Beadle,1,0.614
2364,46007,Bennett,0.9061,0.304
2365,46009,Bon Homme,0.825,0.301
2366,46011,Brookings,0.9991,0.594
2367,46013,Brown,1,0.451
2368,46015,Brule,1,0.74
2369,46017,Buffalo,1,0.169
2370,46019,Butte,0.994,0.441
2371,46021,Campbell,1,0.552
2372,46023,Charles Mix,0.551,0.371
2373,46025,Clark,0.9909,0.25
2374,46027,Clay,0.9387,0.213
2375,46029,Codington,0.9853,0.69
2376,46031,Corson,0.8336,0.218
2377,46033,Custer,0.6352,0.274
2378,46035,Davison,0.9997,0.611
2379,46037,Day,0.9983,0.159
2380,46039,Deuel,0.9989,0.683
2381,46041,Dewey,0.946,0.54
2382,46043,Douglas,0.8319,0.212
2383,46045,Edmunds,1,0.42
2384,46047,Fall River,0.9137,0.332
2385,46049,Faulk,1,0.673
2386,46051,Grant,0.7764,0.395
2387,46053,Gregory,0.918,0.33
2388,46055,Haakon,0.9242,0.345
2389,46057,Hamlin,0.9995,0.25
2390,46059,Hand,1,0.297
2391,46061,Hanson,0.9997,0.413
2392,46063,Harding,1,0.206
2393,46065,Hughes,0.9998,0.908
2394,46067,Hutchinson,0.997,0.385
2395,46069,Hyde,1,1
2396,46071,Jackson,0.741,0.329
2397,46073,Jerauld,1,0.085
2398,46075,Jones,0.5061,0.209
2399,46077,Kingsbury,1,0.115
2400,46079,Lake,1,0.259
2401,46081,Lawrence,0.943,0.683
2402,46083,Lincoln,0.9559,0.746
2403,46085,Lyman,0.9339,0.213
2404,46087,McCook,0.8177,0.524
2405,46089,McPherson,1,0.516
2406,46091,Marshall,0.9832,0.351
2407,46093,Meade,0.9996,0.296
2408,46095,Mellette,0.5798,0.121
2409,46097,Miner,1,0.438
2410,46099,Minnehaha,0.9855,0.692
2411,46101,Moody,0.9714,0.132
2412,46103,Pennington,0.9551,0.687
2413,46105,Perkins,0.9812,0.725
2414,46107,Potter,1,0.79
2415,46109,Roberts,0.8816,0.533
2416,46111,Sanborn,1,0.353
2417,46102,Oglala,0.7255,0.333
2418,46115,Spink,1,0.106
2419,46117,Stanley,0.9829,0.164
2420,46119,Sully,1,0.914
2421,46121,Todd,0.6264,0.17
2422,46123,Tripp,0.898,0.358
2423,46125,Turner,0.8632,0.281
2424,46127,Union,0.9375,0.426
2425,46129,Walworth,1,0.272
2426,46135,Yankton,0.9268,0.857
2427,46137,Ziebach,1,0.175
2428,47001,Anderson,0.9693,0.653
2429,47003,Bedford,0.9608,0.442
2430,47005,Benton,0.7196,0.124
2431,47007,Bledsoe,0.5383,0.237
2432,47009,Blount,0.9846,0.598
2433,47011,Bradley,0.9779,0.693
2434,47013,Campbell,0.8579,0.363
2435,47015,Cannon,0.9968,0.324
2436,47017,Carroll,0.7124,0.444
2437,47019,Carter,0.9709,0.286
2438,47021,Cheatham,0.9378,0.309
2439,47023,Chester,0.5659,0.349
2440,47025,Claiborne,0.9572,0.351
2441,47027,Clay,0.979,0.227
2442,47029,Cocke,0.8098,0.228
2443,47031,Coffee,0.9451,0.608
2444,47033,Crockett,0.9047,0.142
2445,47035,Cumberland,0.6759,0.419
2446,47037,Davidson,0.9755,0.55
2447,47039,Decatur,0.747,0.299
2448,47041,DeKalb,0.9949,0.454
2449,47043,Dickson,0.7908,0.396
2450,47045,Dyer,0.9223,0.361
2451,47047,Fayette,0.8153,0.455
2452,47049,Fentress,0.989,0.226
2453,47051,Franklin,0.9752,0.343
2454,47053,Gibson,0.9531,0.432
2455,47055,Giles,0.8769,0.253
2456,47057,Grainger,0.6756,0.109
2457,47059,Greene,0.9624,0.48
2458,47061,Grundy,0.875,0.275
2459,47063,Hamblen,1,0.7
2460,47065,Hamilton,0.987,0.787
2461,47067,Hancock,0.7093,0.273
2462,47069,Hardeman,0.5642,0.123
2463,47071,Hardin,0.6392,0.217
2464,47073,Hawkins,0.8242,0.486
2465,47075,Haywood,0.8418,0.182
2466,47077,Henderson,0.7284,0.26
2467,47079,Henry,0.8651,0.624
2468,47081,Hickman,0.7894,0.193
2469,47083,Houston,0.8377,0.19
2470,47085,Humphreys,0.744,0.615
2471,47087,Jackson,0.928,0.33
2472,47089,Jefferson,0.8221,0.236
2473,47091,Johnson,0.9371,0.373
2474,47093,Knox,0.983,0.631
2475,47095,Lake,1,0.253
2476,47097,Lauderdale,0.832,0.252
2477,47099,Lawrence,0.9445,0.297
2478,47101,Lewis,0.9,0.33
2479,47103,Lincoln,0.9632,0.259
2480,47105,Loudon,0.9323,0.445
2481,47107,McMinn,0.8066,0.376
2482,47109,McNairy,0.5099,0.098
2483,47111,Macon,0.9881,0.639
2484,47113,Madison,0.9574,0.794
2485,47115,Marion,0.9105,0.543
2486,47117,Marshall,0.8768,0.379
2487,47119,Maury,0.9253,0.753
2488,47121,Meigs,0.5672,0.109
2489,47123,Monroe,0.868,0.26
2490,47125,Montgomery,0.9217,0.784
2491,47127,Moore,0.9846,0.132
2492,47129,Morgan,1,0.342
2493,47131,Obion,0.7827,0.278
2494,47133,Overton,0.8989,0.739
2495,47135,Perry,0.7988,0.193
2496,47137,Pickett,0.9624,0.313
2497,47139,Polk,0.815,0.205
2498,47141,Putnam,0.953,0.733
2499,47143,Rhea,0.9012,0.226
2500,47145,Roane,0.9309,0.38
2501,47147,Robertson,0.8361,0.562
2502,47149,Rutherford,0.9644,0.7
2503,47151,Scott,1,0.238
2504,47153,Sequatchie,0.7291,0.478
2505,47155,Sevier,0.9508,0.577
2506,47157,Shelby,0.9881,0.43
2507,47159,Smith,0.9273,0.363
2508,47161,Stewart,0.6524,0.448
2509,47163,Sullivan,1,0.785
2510,47165,Sumner,0.9783,0.838
2511,47167,Tipton,0.958,0.366
2512,47169,Trousdale,0.8601,0.318
2513,47171,Unicoi,0.989,0.334
2514,47173,Union,0.7964,0.143
2515,47175,Van Buren,0.7078,0.34
2516,47177,Warren,0.9054,0.637
2517,47179,Washington,0.977,0.685
2518,47181,Wayne,0.8437,0.092
2519,47183,Weakley,0.7036,0.285
2520,47185,White,0.9445,0.421
2521,47187,Williamson,0.9385,0.833
2522,47189,Wilson,0.9672,0.841
2523,48001,Anderson,0.497,0.191
2524,48003,Andrews,0.8891,0.541
2525,48005,Angelina,0.9044,0.501
2526,48007,Aransas,0.9857,0.94
2527,48009,Archer,0.9998,0.283
2528,48011,Armstrong,0.7202,0.184
2529,48013,Atascosa,1,0.232
2530,48015,Austin,0.8709,0.186
2531,48017,Bailey,0.7617,0.273
2532,48019,Bandera,0.9711,0.673
2533,48021,Bastrop,1,0.473
2534,48023,Baylor,0.9972,0.082
2535,48025,Bee,0.9866,0.47
2536,48027,Bell,0.9641,0.67
2537,48029,Bexar,0.9997,0.719
2538,48031,Blanco,0.7087,0.132
2539,48033,Borden,0.344,0.263
2540,48035,Bosque,0.9942,0.131
2541,48037,Bowie,0.9231,0.661
2542,48039,Brazoria,0.8627,0.685
2543,48041,Brazos,0.9594,0.745
2544,48043,Brewster,0.7734,0.415
2545,48045,Briscoe,0.8467,0.135
2546,48047,Brooks,0.9976,0.08
2547,48049,Brown,1,0.239
2548,48051,Burleson,1,0.123
2549,48053,Burnet,0.9002,0.564
2550,48055,Caldwell,1,0.378
2551,48057,Calhoun,0.8707,0.6
2552,48059,Callahan,0.96,0.136
2553,48061,Cameron,1,0.641
2554,48063,Camp,0.4849,0.098
2555,48065,Carson,0.9954,0.209
2556,48067,Cass,0.5531,0.165
2557,48069,Castro,0.8068,0.062
2558,48071,Chambers,0.948,0.435
2559,48073,Cherokee,0.6933,0.249
2560,48075,Childress,0.9318,0.555
2561,48077,Clay,0.9953,0.29
2562,48079,Cochran,0.7518,0.167
2563,48081,Coke,0.8518,0.095
2564,48083,Coleman,0.3428,0.191
2565,48085,Collin,0.9927,0.802
2566,48087,Collingsworth,0.9685,0.148
2567,48089,Colorado,0.8165,0.277
2568,48091,Comal,0.991,0.931
2569,48093,Comanche,0.9131,0.27
2570,48095,Concho,0.8349,0.069
2571,48097,Cooke,0.992,0.64
2572,48099,Coryell,0.9911,0.552
2573,48101,Cottle,0.8992,0.248
2574,48103,Crane,0.1459,0.038
2575,48105,Crockett,0.3661,0.151
2576,48107,Crosby,0.8759,0.113
2577,48109,Culberson,0.9194,0.07
2578,48111,Dallam,0.9588,0.444
2579,48113,Dallas,0.9986,0.733
2580,48115,Dawson,0.994,0.246
2581,48117,Deaf Smith,0.9287,0.192
2582,48119,Delta,0.8537,0.088
2583,48121,Denton,0.9966,0.891
2584,48123,DeWitt,0.8941,0.344
2585,48125,Dickens,0.9593,0.22
2586,48127,Dimmit,0.7872,0.189
2587,48129,Donley,0.5265,0.093
2588,48131,Duval,0.7601,0.073
2589,48133,Eastland,0.9998,0.09
2590,48135,Ector,0.9501,0.595
2591,48137,Edwards,0.4617,0.226
2592,48139,Ellis,0.996,0.618
2593,48141,El Paso,0.9798,0.547
2594,48143,Erath,1,0.306
2595,48145,Falls,0.9404,0.077
2596,48147,Fannin,0.8832,0.37
2597,48149,Fayette,0.9224,0.356
2598,48151,Fisher,0.0789,0.053
2599,48153,Floyd,0.7778,0.061
2600,48155,Foard,0.9939,0.115
2601,48157,Fort Bend,0.9483,0.837
2602,48159,Franklin,0.7584,0.246
2603,48161,Freestone,0.8093,0.234
2604,48163,Frio,0.9928,0.349
2605,48165,Gaines,0.9772,0.313
2606,48167,Galveston,0.9392,0.684
2607,48169,Garza,0.9125,0.152
2608,48171,Gillespie,0.9794,0.605
2609,48173,Glasscock,0.736,0.445
2610,48175,Goliad,0.6555,0.073
2611,48177,Gonzales,0.9991,0.246
2612,48179,Gray,0.9583,0.453
2613,48181,Grayson,0.9987,0.455
2614,48183,Gregg,0.9293,0.527
2615,48185,Grimes,0.801,0.173
2616,48187,Guadalupe,1,0.748
2617,48189,Hale,0.9445,0.353
2618,48191,Hall,0.6552,0.01
2619,48193,Hamilton,0.9381,0.218
2620,48195,Hansford,0.9215,0.259
2621,48197,Hardeman,0.9883,0.019
2622,48199,Hardin,0.8162,0.539
2623,48201,Harris,0.9468,0.708
2624,48203,Harrison,0.8222,0.32
2625,48205,Hartley,0.8937,0.093
2626,48207,Haskell,0.9721,0.309
2627,48209,Hays,0.9717,0.794
2628,48211,Hemphill,0.0937,0.219
2629,48213,Henderson,0.6631,0.298
2630,48215,Hidalgo,0.9979,0.567
2631,48217,Hill,0.9996,0.345
2632,48219,Hockley,0.9726,0.32
2633,48221,Hood,1,0.71
2634,48223,Hopkins,0.7802,0.465
2635,48225,Houston,0.6894,0.216
2636,48227,Howard,0.8502,0.482
2637,48229,Hudspeth,0.6193,0.23
2638,48231,Hunt,0.9673,0.422
2639,48233,Hutchinson,0.9932,0.559
2640,48235,Irion,0.8118,0.102
2641,48237,Jack,0.9987,0.069
2642,48239,Jackson,0.7434,0.362
2643,48241,Jasper,0.3539,0.234
2644,48243,Jeff Davis,0.4877,0.101
2645,48245,Jefferson,0.9497,0.593
2646,48247,Jim Hogg,0.9762,0.038
2647,48249,Jim Wells,1,0.482
2648,48251,Johnson,1,0.511
2649,48253,Jones,0.63,0.093
2650,48255,Karnes,1,0.091
2651,48257,Kaufman,0.9182,0.508
2652,48259,Kendall,0.9328,0.884
2653,48261,Kenedy,0.2327,0.114
2654,48263,Kent,0.8241,0.56
2655,48265,Kerr,0.9687,0.541
2656,48267,Kimble,0.7973,0.32
2657,48269,King,0.4853, -   
2658,48271,Kinney,0.0221,0.091
2659,48273,Kleberg,0.9722,0.345
2660,48275,Knox,0.9992,0.156
2661,48277,Lamar,0.9989,0.542
2662,48279,Lamb,0.9139,0.266
2663,48281,Lampasas,0.9265,0.114
2664,48283,La Salle,0.7364,0.159
2665,48285,Lavaca,0.9125,0.211
2666,48287,Lee,1,0.212
2667,48289,Leon,0.6193,0.323
2668,48291,Liberty,0.7019,0.398
2669,48293,Limestone,0.8923,0.239
2670,48295,Lipscomb,0.742,0.076
2671,48297,Live Oak,1,0.324
2672,48299,Llano,0.9184,0.272
2673,48301,Loving,0.3018,0.941
2674,48303,Lubbock,0.9919,0.555
2675,48305,Lynn,0.9953,0.394
2676,48307,McCulloch,1,0.141
2677,48309,McLennan,1,0.609
2678,48311,McMullen,0.9825,0.074
2679,48313,Madison,0.4536,0.128
2680,48315,Marion,0.5987,0.052
2681,48317,Martin,0.8593,0.599
2682,48319,Mason,0.9988,0.356
2683,48321,Matagorda,0.7992,0.36
2684,48323,Maverick,0.9352,0.519
2685,48325,Medina,0.9977,0.227
2686,48327,Menard,0.9097,0.05
2687,48329,Midland,0.9911,0.76
2688,48331,Milam,1,0.091
2689,48333,Mills,0.8812,0.298
2690,48335,Mitchell,0.9183,0.146
2691,48337,Montague,0.9882,0.194
2692,48339,Montgomery,0.9394,0.814
2693,48341,Moore,0.9924,0.291
2694,48343,Morris,0.6935,0.095
2695,48345,Motley,0.8967,0.241
2696,48347,Nacogdoches,0.6558,0.501
2697,48349,Navarro,0.9809,0.202
2698,48351,Newton,0.3008,0.057
2699,48353,Nolan,0.7501,0.386
2700,48355,Nueces,0.9946,0.614
2701,48357,Ochiltree,0.8829,0.238
2702,48359,Oldham,0.7557,0.199
2703,48361,Orange,0.8977,0.621
2704,48363,Palo Pinto,0.9999,0.382
2705,48365,Panola,0.6039,0.21
2706,48367,Parker,1,0.522
2707,48369,Parmer,0.6667,0.165
2708,48371,Pecos,0.7909,0.378
2709,48373,Polk,0.7764,0.294
2710,48375,Potter,0.9949,0.386
2711,48377,Presidio,0.3104,0.124
2712,48379,Rains,0.9735,0.163
2713,48381,Randall,0.9815,0.641
2714,48383,Reagan,0.8306,0.149
2715,48385,Real,0.6918,0.252
2716,48387,Red River,0.8708,0.167
2717,48389,Reeves,0.9354,0.238
2718,48391,Refugio,0.7543,0.331
2719,48393,Roberts,0.7576,0.136
2720,48395,Robertson,0.919,0.1
2721,48397,Rockwall,0.9952,0.829
2722,48399,Runnels,0.9358,0.27
2723,48401,Rusk,0.7639,0.352
2724,48403,Sabine,0.6928,0.26
2725,48405,San Augustine,0.2338,0.067
2726,48407,San Jacinto,0.8058,0.175
2727,48409,San Patricio,0.9937,0.487
2728,48411,San Saba,0.8048,0.264
2729,48413,Schleicher,0.218,0.081
2730,48415,Scurry,0.7106,0.519
2731,48417,Shackelford,0.2438,0.052
2732,48419,Shelby,0.2617,0.056
2733,48421,Sherman,0.5893,0.123
2734,48423,Smith,0.8738,0.675
2735,48425,Somervell,0.9998,0.297
2736,48427,Starr,0.962,0.638
2737,48429,Stephens,0.9996,0.32
2738,48431,Sterling,0.4082,0.397
2739,48433,Stonewall,0.8822,0.256
2740,48435,Sutton,0.6427,0.244
2741,48437,Swisher,0.8787,0.169
2742,48439,Tarrant,0.9989,0.774
2743,48441,Taylor,0.959,0.629
2744,48443,Terrell,0.8183,0.345
2745,48445,Terry,0.9965,0.296
2746,48447,Throckmorton,0.7402,0.081
2747,48449,Titus,0.6171,0.603
2748,48451,Tom Green,0.9506,0.732
2749,48453,Travis,0.9977,0.741
2750,48455,Trinity,0.7368,0.149
2751,48457,Tyler,0.4081,0.07
2752,48459,Upshur,0.9258,0.345
2753,48461,Upton,0.108,0.083
2754,48463,Uvalde,0.9973,0.368
2755,48465,Val Verde,0.9698,0.548
2756,48467,Van Zandt,0.9363,0.393
2757,48469,Victoria,0.8671,0.63
2758,48471,Walker,0.7063,0.565
2759,48473,Waller,0.9322,0.364
2760,48475,Ward,0.9753,0.159
2761,48477,Washington,0.8933,0.36
2762,48479,Webb,0.9824,0.729
2763,48481,Wharton,0.8601,0.287
2764,48483,Wheeler,0.9769,0.078
2765,48485,Wichita,0.9797,0.566
2766,48487,Wilbarger,0.9915,0.215
2767,48489,Willacy,1,0.412
2768,48491,Williamson,0.965,0.899
2769,48493,Wilson,1,0.419
2770,48495,Winkler,0.4177,0.07
2771,48497,Wise,0.9985,0.177
2772,48499,Wood,0.7868,0.254
2773,48501,Yoakum,0.8651,0.146
2774,48503,Young,0.9997,0.394
2775,48505,Zapata,0.8133,0.388
2776,48507,Zavala,0.8035,0.394
2777,49001,Beaver,0.9472,0.204
2778,49003,Box Elder,0.919,0.641
2779,49005,Cache,0.9972,0.834
2780,49007,Carbon,0.9207,0.82
2781,49009,Daggett,0.8821,0.649
2782,49011,Davis,0.9924,0.831
2783,49013,Duchesne,0.6999,0.381
2784,49015,Emery,0.8094,0.722
2785,49017,Garfield,0.984,0.425
2786,49019,Grand,0.5325,0.813
2787,49021,Iron,0.959,0.693
2788,49023,Juab,0.8356,0.545
2789,49025,Kane,0.9525,0.759
2790,49027,Millard,0.6765,0.24
2791,49029,Morgan,0.8689,0.325
2792,49031,Piute,0.9973,0.204
2793,49033,Rich,0.8647,0.559
2794,49035,Salt Lake,0.9941,0.869
2795,49037,San Juan,0.2953,0.231
2796,49039,Sanpete,0.9419,0.655
2797,49041,Sevier,0.964,0.384
2798,49043,Summit,0.8212,0.729
2799,49045,Tooele,0.8519,0.61
2800,49047,Uintah,0.7867,0.516
2801,49049,Utah,0.9287,0.83
2802,49051,Wasatch,0.8791,0.649
2803,49053,Washington,0.9772,0.819
2804,49055,Wayne,0.8963,0.19
2805,49057,Weber,0.9816,0.811
2806,50001,Addison,0.9237,0.227
2807,50003,Bennington,0.9684,0.601
2808,50005,Caledonia,0.8509,0.256
2809,50007,Chittenden,0.9776,0.699
2810,50009,Essex,0.7271,0.06
2811,50011,Franklin,0.9028,0.49
2812,50013,Grand Isle,0.9918,0.182
2813,50015,Lamoille,0.912,0.442
2814,50017,Orange,0.8084,0.18
2815,50019,Orleans,0.8464,0.342
2816,50021,Rutland,0.957,0.571
2817,50023,Washington,0.9405,0.652
2818,50025,Windham,0.9039,0.603
2819,50027,Windsor,0.9576,0.545
2820,51001,Accomack,0.9048,0.169
2821,51003,Albemarle,0.9258,0.536
2822,51005,Alleghany,0.9362,0.706
2823,51007,Amelia,0.7044,0.154
2824,51009,Amherst,0.9422,0.374
2825,51011,Appomattox,0.7673,0.253
2826,51013,Arlington,0.981,0.776
2827,51015,Augusta,0.9836,0.271
2828,51017,Bath,0.7263,0.189
2829,51019,Bedford,0.8175,0.442
2830,51021,Bland,0.7895,0.085
2831,51023,Botetourt,0.8039,0.46
2832,51025,Brunswick,0.2962,0.045
2833,51027,Buchanan,1,0.234
2834,51029,Buckingham,0.3976,0.107
2835,51031,Campbell,0.7914,0.202
2836,51033,Caroline,0.6407,0.416
2837,51035,Carroll,0.9486,0.109
2838,51036,Charles City,1,0.075
2839,51037,Charlotte,0.5263,0.094
2840,51041,Chesterfield,0.9726,0.88
2841,51043,Clarke,0.9947,0.262
2842,51045,Craig,0.7472,0.086
2843,51047,Culpeper,0.9987,0.696
2844,51049,Cumberland,0.1965,0.05
2845,51051,Dickenson,0.9777,0.257
2846,51053,Dinwiddie,0.5476,0.06
2847,51057,Essex,0.7493,0.414
2848,51059,Fairfax,0.9848,0.884
2849,51061,Fauquier,0.9032,0.533
2850,51063,Floyd,0.7595,0.308
2851,51065,Fluvanna,0.8218,0.571
2852,51067,Franklin,0.8811,0.315
2853,51069,Frederick,0.8305,0.587
2854,51071,Giles,0.959,0.117
2855,51073,Gloucester,0.949,0.708
2856,51075,Goochland,0.669,0.402
2857,51077,Grayson,0.7522,0.054
2858,51079,Greene,0.9986,0.54
2859,51081,Greensville,0.2399,0.377
2860,51083,Halifax,0.7176,0.265
2861,51085,Hanover,0.8804,0.634
2862,51087,Henrico,0.9818,0.726
2863,51089,Henry,0.9623,0.583
2864,51091,Highland,0.4817,0.112
2865,51093,Isle of Wight,0.8583,0.633
2866,51095,James City,0.9464,0.764
2867,51097,King and Queen,0.2235,0.065
2868,51099,King George,0.9335,0.898
2869,51101,King William,0.4111,0.274
2870,51103,Lancaster,1,0.493
2871,51105,Lee,0.8892,0.237
2872,51107,Loudoun,0.9956,0.883
2873,51109,Louisa,0.6802,0.21
2874,51111,Lunenburg,0.2935,0.124
2875,51113,Madison,1,0.17
2876,51115,Mathews,0.9606,0.281
2877,51117,Mecklenburg,0.5716,0.348
2878,51119,Middlesex,0.9738,0.527
2879,51121,Montgomery,0.9935,0.385
2880,51125,Nelson,0.9488,0.445
2881,51127,New Kent,0.7664,0.624
2882,51131,Northampton,0.9408,0.219
2883,51133,Northumberland,1,0.41
2884,51135,Nottoway,0.5574,0.098
2885,51137,Orange,0.9977,0.407
2886,51139,Page,0.9948,0.253
2887,51141,Patrick,0.4424,0.075
2888,51143,Pittsylvania,0.7056,0.123
2889,51145,Powhatan,0.8348,0.802
2890,51147,Prince Edward,0.6368,0.21
2891,51149,Prince George,0.896,0.555
2892,51153,Prince William,0.973,0.818
2893,51155,Pulaski,0.9979,0.442
2894,51157,Rappahannock,0.9178,0.258
2895,51159,Richmond,0.9871,0.462
2896,51161,Roanoke,0.9877,0.401
2897,51163,Rockbridge,0.8509,0.416
2898,51165,Rockingham,0.989,0.278
2899,51167,Russell,0.895,0.195
2900,51169,Scott,0.8258,0.331
2901,51171,Shenandoah,0.9117,0.265
2902,51173,Smyth,0.935,0.346
2903,51175,Southampton,0.4755,0.063
2904,51177,Spotsylvania,0.9845,0.849
2905,51179,Stafford,0.988,0.885
2906,51181,Surry,0.9182,0.055
2907,51183,Sussex,0.4528,0.172
2908,51185,Tazewell,0.9889,0.347
2909,51187,Warren,0.9191,0.672
2910,51191,Washington,0.992,0.568
2911,51193,Westmoreland,0.9393,0.42
2912,51195,Wise,0.9637,0.372
2913,51197,Wythe,0.8974,0.207
2914,51199,York,0.9834,0.78
2915,51510,Alexandria,0.9832,0.747
2916,51520,Bristol,1,0.845
2917,51530,Buena Vista,0.9724,0.408
2918,51540,Charlottesville,0.9933,0.855
2919,51550,Chesapeake,0.9819,0.941
2920,51570,Colonial Heights,0.9872,1
2921,51580,Covington,0.9969, -   
2922,51590,Danville,0.9911,0.795
2923,51595,Emporia,0.96, -   
2924,51600,Fairfax,0.9985, -   
2925,51610,Falls Church,0.986,1
2926,51620,Franklin,0.9999,0.268
2927,51630,Fredericksburg,0.9343,0.788
2928,51640,Galax,0.9998,0.473
2929,51650,Hampton,0.979,0.813
2930,51660,Harrisonburg,1,0.795
2931,51670,Hopewell,0.9831,0.599
2932,51678,Lexington,0.9612, -   
2933,51680,Lynchburg,0.9092,0.675
2934,51683,Manassas,0.9611,1
2935,51685,Manassas Park,0.9843, -   
2936,51690,Martinsville,0.9871, -   
2937,51700,Newport News,0.9834,0.837
2938,51710,Norfolk,0.9712,0.791
2939,51720,Norton,0.9663,0.409
2940,51730,Petersburg,0.9856,0.546
2941,51735,Poquoson,0.9913,0.776
2942,51740,Portsmouth,0.9828,0.83
2943,51750,Radford,0.9995,0.203
2944,51760,Richmond,0.9476,0.82
2945,51770,Roanoke,0.9999,0.789
2946,51775,Salem,1,1
2947,51790,Staunton,0.9992,0.824
2948,51800,Suffolk,0.9461,0.816
2949,51810,Virginia Beach,0.9832,0.843
2950,51820,Waynesboro,0.9838,1
2951,51830,Williamsburg,0.7844, -   
2952,51840,Winchester,0.9978,1
2953,53001,Adams,0.9352,0.2
2954,53003,Asotin,0.9307,0.278
2955,53005,Benton,0.9763,0.707
2956,53007,Chelan,1,0.688
2957,53009,Clallam,0.7722,0.538
2958,53011,Clark,0.9629,0.704
2959,53013,Columbia,1,0.193
2960,53015,Cowlitz,0.9121,0.536
2961,53017,Douglas,1,0.813
2962,53019,Ferry,0.9961,0.032
2963,53021,Franklin,0.9993,0.744
2964,53023,Garfield,0.5982,0.068
2965,53025,Grant,0.9303,0.64
2966,53027,Grays Harbor,0.8859,0.562
2967,53029,Island,0.9871,0.812
2968,53031,Jefferson,0.8516,0.572
2969,53033,King,0.9733,0.83
2970,53035,Kitsap,0.9705,0.709
2971,53037,Kittitas,0.8708,0.459
2972,53039,Klickitat,0.6216,0.149
2973,53041,Lewis,0.7645,0.248
2974,53043,Lincoln,0.5718,0.125
2975,53045,Mason,0.9389,0.497
2976,53047,Okanogan,0.9472,0.216
2977,53049,Pacific,0.853,0.432
2978,53051,Pend Oreille,1,0.429
2979,53053,Pierce,0.9735,0.745
2980,53055,San Juan,0.974,0.282
2981,53057,Skagit,0.961,0.588
2982,53059,Skamania,0.6705,0.312
2983,53061,Snohomish,0.9735,0.783
2984,53063,Spokane,1,0.656
2985,53065,Stevens,1,0.186
2986,53067,Thurston,0.9762,0.794
2987,53069,Wahkiakum,0.6246,0.273
2988,53071,Walla Walla,1,0.663
2989,53073,Whatcom,0.9769,0.649
2990,53075,Whitman,0.8471,0.443
2991,53077,Yakima,0.9404,0.437
2992,54001,Barbour,0.868,0.155
2993,54003,Berkeley,0.9646,0.504
2994,54005,Boone,0.9175,0.123
2995,54007,Braxton,0.6915,0.076
2996,54009,Brooke,0.9261,0.17
2997,54011,Cabell,0.9464,0.476
2998,54013,Calhoun,0.3043,0.063
2999,54015,Clay,0.4418,0.051
3000,54017,Doddridge,0.483,0.099
3001,54019,Fayette,0.7871,0.181
3002,54021,Gilmer,0.3886,0.065
3003,54023,Grant,0.6159,0.159
3004,54025,Greenbrier,0.7771,0.251
3005,54027,Hampshire,0.4981,0.058
3006,54029,Hancock,0.9485,0.663
3007,54031,Hardy,0.9758,0.337
3008,54033,Harrison,0.9025,0.409
3009,54035,Jackson,0.9225,0.134
3010,54037,Jefferson,0.9775,0.611
3011,54039,Kanawha,0.9249,0.4
3012,54041,Lewis,0.8435,0.223
3013,54043,Lincoln,0.7588,0.174
3014,54045,Logan,0.7594,0.516
3015,54047,McDowell,0.8752,0.055
3016,54049,Marion,0.9282,0.436
3017,54051,Marshall,0.7918,0.268
3018,54053,Mason,0.6193,0.281
3019,54055,Mercer,0.9415,0.427
3020,54057,Mineral,0.765,0.234
3021,54059,Mingo,0.6662,0.232
3022,54061,Monongalia,0.5361,0.562
3023,54063,Monroe,0.8724,0.058
3024,54065,Morgan,0.8052,0.389
3025,54067,Nicholas,0.6407,0.174
3026,54069,Ohio,0.9582,0.58
3027,54071,Pendleton,0.5678,0.074
3028,54073,Pleasants,0.6421,0.092
3029,54075,Pocahontas,0.706,0.075
3030,54077,Preston,0.6907,0.162
3031,54079,Putnam,0.8567,0.483
3032,54081,Raleigh,0.8935,0.503
3033,54083,Randolph,0.8178,0.256
3034,54085,Ritchie,0.4233,0.367
3035,54087,Roane,0.4219,0.075
3036,54089,Summers,0.5462,0.087
3037,54091,Taylor,0.8703,0.302
3038,54093,Tucker,0.591,0.243
3039,54095,Tyler,0.426,0.028
3040,54097,Upshur,0.8481,0.327
3041,54099,Wayne,0.7837,0.181
3042,54101,Webster,0.6634,0.062
3043,54103,Wetzel,0.5059,0.183
3044,54105,Wirt,0.4377,0.058
3045,54107,Wood,0.9105,0.547
3046,54109,Wyoming,0.9258,0.203
3047,55001,Adams,0.8054,0.308
3048,55003,Ashland,0.6533,0.277
3049,55005,Barron,0.7618,0.575
3050,55007,Bayfield,0.8751,0.492
3051,55009,Brown,0.9814,0.679
3052,55011,Buffalo,0.9559,0.322
3053,55013,Burnett,0.8943,0.325
3054,55015,Calumet,0.9709,0.222
3055,55017,Chippewa,0.8763,0.323
3056,55019,Clark,0.5431,0.101
3057,55021,Columbia,0.8215,0.348
3058,55023,Crawford,0.7283,0.478
3059,55025,Dane,0.9852,0.676
3060,55027,Dodge,0.79,0.438
3061,55029,Door,1,0.405
3062,55031,Douglas,0.7822,0.317
3063,55033,Dunn,0.7669,0.287
3064,55035,Eau Claire,0.9256,0.808
3065,55037,Florence,0.9071,0.114
3066,55039,Fond du Lac,0.8629,0.595
3067,55041,Forest,0.655,0.125
3068,55043,Grant,0.8683,0.3
3069,55045,Green,0.9976,0.427
3070,55047,Green Lake,0.7371,0.143
3071,55049,Iowa,0.8886,0.419
3072,55051,Iron,0.6295,0.127
3073,55053,Jackson,0.5932,0.191
3074,55055,Jefferson,0.9169,0.475
3075,55057,Juneau,0.7056,0.478
3076,55059,Kenosha,0.9999,0.636
3077,55061,Kewaunee,1,0.088
3078,55063,La Crosse,0.963,0.675
3079,55065,Lafayette,0.7078,0.194
3080,55067,Langlade,0.8722,0.37
3081,55069,Lincoln,0.8207,0.214
3082,55071,Manitowoc,0.9992,0.556
3083,55073,Marathon,0.9826,0.53
3084,55075,Marinette,0.6769,0.342
3085,55077,Marquette,0.8708,0.258
3086,55078,Menominee,0.6842,0.124
3087,55079,Milwaukee,1,0.645
3088,55081,Monroe,0.7553,0.255
3089,55083,Oconto,0.6957,0.257
3090,55085,Oneida,0.843,0.746
3091,55087,Outagamie,0.9446,0.651
3092,55089,Ozaukee,0.9894,0.69
3093,55091,Pepin,0.9728,0.564
3094,55093,Pierce,0.9577,0.253
3095,55095,Polk,0.6612,0.329
3096,55097,Portage,0.9128,0.658
3097,55099,Price,0.3629,0.171
3098,55101,Racine,0.9999,0.566
3099,55103,Richland,0.5141,0.265
3100,55105,Rock,0.9985,0.634
3101,55107,Rusk,0.5828,0.356
3102,55109,St. Croix,0.8702,0.573
3103,55111,Sauk,0.858,0.7
3104,55113,Sawyer,0.7216,0.566
3105,55115,Shawano,0.833,0.168
3106,55117,Sheboygan,0.9996,0.572
3107,55119,Taylor,0.5934,0.166
3108,55121,Trempealeau,0.9242,0.368
3109,55123,Vernon,0.9597,0.449
3110,55125,Vilas,0.7092,0.161
3111,55127,Walworth,0.981,0.642
3112,55129,Washburn,0.6741,0.168
3113,55131,Washington,0.9618,0.686
3114,55133,Waukesha,0.9996,0.745
3115,55135,Waupaca,0.8009,0.474
3116,55137,Waushara,0.6183,0.427
3117,55139,Winnebago,0.997,0.558
3118,55141,Wood,0.8718,0.689
3119,56001,Albany,0.9477,0.463
3120,56003,Big Horn,0.7875,0.426
3121,56005,Campbell,0.9886,0.505
3122,56007,Carbon,0.8976,0.366
3123,56009,Converse,0.9643,0.229
3124,56011,Crook,0.8503,0.21
3125,56013,Fremont,0.7941,0.373
3126,56015,Goshen,0.9972,0.198
3127,56017,Hot Springs,0.8722,0.381
3128,56019,Johnson,0.9217,0.456
3129,56021,Laramie,0.9866,0.805
3130,56023,Lincoln,0.8888,0.5
3131,56025,Natrona,0.9445,0.624
3132,56027,Niobrara,0.8854,0.112
3133,56029,Park,0.6823,0.531
3134,56031,Platte,0.9304,0.106
3135,56033,Sheridan,0.9799,0.499
3136,56035,Sublette,0.954,0.145
3137,56037,Sweetwater,0.9422,0.4
3138,56039,Teton,0.9508,0.623
3139,56041,Uinta,0.9963,0.431
3140,56043,Washakie,0.8903,0.571
3141,56045,Weston,0.8937,0.152
