county_id,state,county_name,broadband_avail,broadband_use
28163,MS,Yazoo,0.7287,0.15
49029,UT,Morgan,0.8689,0.325
47093,TN,Knox,0.983,0.631
18049,IN,Fulton,1,0.369
26115,MI,Monroe,0.9592,0.612
40055,OK,Greer,0.5061,0.136
48143,TX,Erath,1,0.306
48097,TX,Cooke,0.992,0.64
23013,ME,Knox,0.9839,0.468
36001,NY,Albany,0.9975,0.696
48139,TX,Ellis,0.996,0.618
1001,AL,Autauga,0.8057,0.391
1003,AL,Baldwin,0.8362,0.452
1005,AL,Barbour,0.6891,0.324
1007,AL,Bibb,0.3368,0.136
1009,AL,Blount,0.758,0.199
1011,AL,Bullock,0.9363,0.157
1013,AL,Butler,0.6814,0.183
1015,AL,Calhoun,0.9298,0.419
1017,AL,Chambers,0.8453,0.501
1019,AL,Cherokee,0.9892,0.125
1021,AL,Chilton,0.6345,0.104
1023,AL,Choctaw,0.2147,0.035
1025,AL,Clarke,0.5585,0.092
1027,AL,Clay,0.4291,0.081
1029,AL,Cleburne,0.1731,0.1
1031,AL,Coffee,0.913,0.531
1033,AL,Colbert,0.8405,0.39
1035,AL,Conecuh,0.4422,0.067
1037,AL,Coosa,0.7828,0.095
1039,AL,Covington,0.8336,0.366
1041,AL,Crenshaw,0.729,0.196
1043,AL,Cullman,0.7835,0.364
1045,AL,Dale,0.9479,0.351
1047,AL,Dallas,0.7637,0.249
1049,AL,DeKalb,0.9883,0.402
1051,AL,Elmore,0.9268,0.509
1053,AL,Escambia,0.7474,0.243
1055,AL,Etowah,0.9514,0.404
1057,AL,Fayette,0.1989,0.077
1059,AL,Franklin,0.6604,0.111
1061,AL,Geneva,0.5956,0.176
1063,AL,Greene,0.0085,0.013
1065,AL,Hale,0.5144,0.095
1067,AL,Henry,0.6405,0.107
1069,AL,Houston,0.8734,0.54
1071,AL,Jackson,0.9643,0.419
1073,AL,Jefferson,0.9906,0.532
1075,AL,Lamar,0.4309,0.095
1077,AL,Lauderdale,0.8173,0.36
1079,AL,Lawrence,0.5525,0.09
1081,AL,Lee,0.9631,0.59
1083,AL,Limestone,0.9079,0.555
1085,AL,Lowndes,0.1441,0.063
1087,AL,Macon,0.6502,0.114
1089,AL,Madison,0.9644,0.747
1091,AL,Marengo,0.1696,0.08
1093,AL,Marion,0.8241,0.315
1095,AL,Marshall,0.9598,0.561
1097,AL,Mobile,0.935,0.506
1099,AL,Monroe,0.8964,0.243
1101,AL,Montgomery,0.9749,0.637
1103,AL,Morgan,0.9167,0.589
1105,AL,Perry,0.0012,0.032
1107,AL,Pickens,0.5724,0.11
1109,AL,Pike,0.9254,0.354
1111,AL,Randolph,0.6422,0.161
1113,AL,Russell,0.8929,0.402
1115,AL,St. Clair,0.8901,0.361
1117,AL,Shelby,0.9546,0.589
1119,AL,Sumter,0.4666,0.13
1121,AL,Talladega,0.8121,0.361
1123,AL,Tallapoosa,0.9169,0.736
1125,AL,Tuscaloosa,0.9228,0.487
1127,AL,Walker,0.7725,0.306
1129,AL,Washington,0.3114,0.045
1131,AL,Wilcox,0.4144,0.098
1133,AL,Winston,0.6272,0.15
2013,AK,Aleutians East,,0.066
2016,AK,Aleutians West,,0.023
2020,AK,Anchorage,0.9969,0.753
2050,AK,Bethel,,0.05
2060,AK,Bristol Bay,,0.054
2068,AK,Denali,0.5536,0.133
2070,AK,Dillingham,,0.052
2090,AK,Fairbanks North Star,0.896,0.507
2100,AK,Haines,0.9186,0.089
2105,AK,Hoonah-Angoon,0.25,0.203
2110,AK,Juneau,0.9927,0.571
2122,AK,Kenai Peninsula,0.975,0.365
2130,AK,Ketchikan Gateway,0.9894,0.867
2150,AK,Kodiak Island,0.8591,0.389
2164,AK,Lake and Peninsula,,0.161
2170,AK,Matanuska-Susitna,0.9389,0.481
2180,AK,Nome,0.3515,0.038
2185,AK,North Slope,0.0061,0.051
2188,AK,Northwest Arctic,0.0081,0.039
2195,AK,Petersburg,0.7971,0.716
2198,AK,Prince of Wales-Hyder,0.0282,0.04
2220,AK,Sitka,0.9772,0.681
2230,AK,Skagway,0.967,0.22
2240,AK,Southeast Fairbanks,0.5191,0.213
2261,AK,Valdez-Cordova,0.8438,0.432
2158,AK,Kusilvak,,0.088
2275,AK,Wrangell,0.8961,0.448
2282,AK,Yakutat,,0.024
2290,AK,Yukon-Koyukuk,0.013,0.139
4001,AZ,Apache,0.2304,0.074
4003,AZ,Cochise,0.7636,0.565
4005,AZ,Coconino,0.6975,0.407
4007,AZ,Gila,0.7391,0.463
4009,AZ,Graham,0.7606,0.535
4011,AZ,Greenlee,0.5281,0.253
4012,AZ,La Paz,0.4485,0.344
4013,AZ,Maricopa,0.9933,0.774
4015,AZ,Mohave,0.761,0.636
4017,AZ,Navajo,0.5934,0.381
4019,AZ,Pima,0.9857,0.626
4021,AZ,Pinal,0.9418,0.435
4023,AZ,Santa Cruz,0.9713,0.231
4025,AZ,Yavapai,0.9278,0.546
4027,AZ,Yuma,0.8967,0.605
5001,AR,Arkansas,0.2579,0.15
5003,AR,Ashley,0.5229,0.088
5005,AR,Baxter,0.7732,0.549
5007,AR,Benton,0.9664,0.589
5009,AR,Boone,0.9064,0.441
5011,AR,Bradley,0.6446,0.101
5013,AR,Calhoun,0.0852,0.202
5015,AR,Carroll,0.9757,0.268
5017,AR,Chicot,0.7473,0.024
5019,AR,Clark,0.8211,0.307
5021,AR,Clay,0.5947,0.164
5023,AR,Cleburne,0.5629,0.244
5025,AR,Cleveland,0.8391,0.015
5027,AR,Columbia,0.6132,0.238
5029,AR,Conway,0.4728,0.127
5031,AR,Craighead,0.8323,0.66
5033,AR,Crawford,0.8727,0.394
5035,AR,Crittenden,0.7987,0.411
5037,AR,Cross,0.5909,0.173
5039,AR,Dallas,0.574,0.059
5041,AR,Desha,0.704,0.187
5043,AR,Drew,0.7014,0.208
5045,AR,Faulkner,0.9507,0.375
5047,AR,Franklin,0.2485,0.069
5049,AR,Fulton,0.4479,0.161
5051,AR,Garland,0.9697,0.434
5053,AR,Grant,0.6828,0.246
5055,AR,Greene,0.7666,0.503
5057,AR,Hempstead,0.6645,0.216
5059,AR,Hot Spring,0.5942,0.32
5061,AR,Howard,0.2263,0.068
5063,AR,Independence,0.7302,0.511
5065,AR,Izard,0.6047,0.265
5067,AR,Jackson,0.684,0.327
5069,AR,Jefferson,0.6604,0.192
5071,AR,Johnson,0.6213,0.145
5073,AR,Lafayette,0.1662,0.021
5075,AR,Lawrence,0.5794,0.133
5077,AR,Lee,0.3209,0.061
5079,AR,Lincoln,0.3037,0.026
5081,AR,Little River,0.5075,0.087
5083,AR,Logan,0.3562,0.058
5085,AR,Lonoke,0.8615,0.462
5087,AR,Madison,0.4542,0.159
5089,AR,Marion,0.6079,0.213
5091,AR,Miller,0.9345,0.348
5093,AR,Mississippi,0.9265,0.242
5095,AR,Monroe,0.0557,0.058
5097,AR,Montgomery,0.5286,0.093
5099,AR,Nevada,0.4291,0.036
5101,AR,Newton,0.1523,0.083
5103,AR,Ouachita,0.6313,0.217
5105,AR,Perry,0.7692,0.316
5107,AR,Phillips,0.7458,0.188
5109,AR,Pike,0.5312,0.11
5111,AR,Poinsett,0.7911,0.168
5113,AR,Polk,0.6295,0.125
5115,AR,Pope,0.7953,0.484
5117,AR,Prairie,0.1371,0.057
5119,AR,Pulaski,0.9833,0.55
5121,AR,Randolph,0.5715,0.141
5123,AR,St. Francis,0.3788,0.11
5125,AR,Saline,0.916,0.409
5127,AR,Scott,0.3729,0.041
5129,AR,Searcy,0.5523,0.076
5131,AR,Sebastian,0.9589,0.517
5133,AR,Sevier,0.7977,0.084
5135,AR,Sharp,0.4534,0.214
5137,AR,Stone,0.415,0.11
5139,AR,Union,0.68,0.358
5141,AR,Van Buren,0.4466,0.079
5143,AR,Washington,0.9637,0.559
5145,AR,White,0.7168,0.238
5147,AR,Woodruff,0.2733,0.033
5149,AR,Yell,0.8641,0.302
6001,CA,Alameda,0.9993,0.731
6003,CA,Alpine,0.1825,0.077
6005,CA,Amador,0.9759,0.352
6007,CA,Butte,0.9865,0.636
6009,CA,Calaveras,0.9634,0.442
6011,CA,Colusa,0.8357,0.119
6013,CA,Contra Costa,0.9924,0.773
6015,CA,Del Norte,0.9359,0.799
6017,CA,El Dorado,0.9834,0.549
6019,CA,Fresno,0.9964,0.522
6021,CA,Glenn,0.9681,0.165
6023,CA,Humboldt,0.9473,0.563
6025,CA,Imperial,0.8569,0.644
6027,CA,Inyo,0.8984,0.435
6029,CA,Kern,0.9618,0.537
6031,CA,Kings,0.9986,0.455
6033,CA,Lake,0.934,0.351
6035,CA,Lassen,0.9136,0.207
6037,CA,Los Angeles,0.9955,0.734
6039,CA,Madera,0.997,0.36
6041,CA,Marin,0.9831,0.619
6043,CA,Mariposa,0.8265,0.102
6045,CA,Mendocino,0.8964,0.394
6047,CA,Merced,0.9996,0.474
6049,CA,Modoc,0.4529,0.089
6051,CA,Mono,0.8383,0.658
6053,CA,Monterey,0.9894,0.575
6055,CA,Napa,0.9891,0.637
6057,CA,Nevada,0.9671,0.419
6059,CA,Orange,0.9862,0.854
6061,CA,Placer,0.9864,0.718
6063,CA,Plumas,0.9618,0.179
6065,CA,Riverside,0.9751,0.793
6067,CA,Sacramento,0.982,0.777
6069,CA,San Benito,0.9882,0.643
6071,CA,San Bernardino,0.9688,0.771
6073,CA,San Diego,0.9807,0.761
6075,CA,San Francisco,1,0.58
6077,CA,San Joaquin,0.9992,0.648
6079,CA,San Luis Obispo,0.9519,0.658
6081,CA,San Mateo,1,0.772
6083,CA,Santa Barbara,0.942,0.647
6085,CA,Santa Clara,1,0.849
6087,CA,Santa Cruz,1,0.615
6089,CA,Shasta,0.9361,0.602
6091,CA,Sierra,0.6599,0.077
6093,CA,Siskiyou,0.8612,0.222
6095,CA,Solano,0.9488,0.771
6097,CA,Sonoma,0.9679,0.687
6099,CA,Stanislaus,1,0.58
6101,CA,Sutter,0.9932,0.755
6103,CA,Tehama,0.9803,0.192
6105,CA,Trinity,0.2484,0.168
6107,CA,Tulare,0.9948,0.462
6109,CA,Tuolumne,0.9936,0.443
6111,CA,Ventura,0.9857,0.827
6113,CA,Yolo,0.9406,0.665
6115,CA,Yuba,0.9953,0.551
8001,CO,Adams,0.9932,0.911
8003,CO,Alamosa,0.9974,0.459
8005,CO,Arapahoe,0.998,0.777
8007,CO,Archuleta,0.878,0.688
8009,CO,Baca,0.3432,0.271
8011,CO,Bent,0.38,0.357
8013,CO,Boulder,0.9754,0.803
8014,CO,Broomfield,0.9837,0.976
8015,CO,Chaffee,0.888,0.437
8017,CO,Cheyenne,0.5483,0.139
8019,CO,Clear Creek,0.901,0.191
8021,CO,Conejos,0.9985,0.081
8023,CO,Costilla,0.9552,0.325
8025,CO,Crowley,0.425,0.103
8027,CO,Custer,0.5152,0.039
8029,CO,Delta,0.9949,0.559
8031,CO,Denver,1,0.782
8033,CO,Dolores,0.291,0.125
8035,CO,Douglas,1,0.81
8037,CO,Eagle,0.9305,0.671
8039,CO,Elbert,1,0.275
8041,CO,El Paso,0.981,0.833
8043,CO,Fremont,0.8528,0.657
8045,CO,Garfield,0.9971,0.51
8047,CO,Gilpin,0.8768,0.436
8049,CO,Grand,0.8474,0.482
8051,CO,Gunnison,0.9058,0.522
8053,CO,Hinsdale,0.8341,0.106
8055,CO,Huerfano,0.7149,0.178
8057,CO,Jackson,0.8556,0.102
8059,CO,Jefferson,0.9955,0.67
8061,CO,Kiowa,0.5512,0.04
8063,CO,Kit Carson,0.9779,0.21
8065,CO,Lake,0.9204,0.368
8067,CO,La Plata,0.9798,0.409
8069,CO,Larimer,0.9387,0.689
8071,CO,Las Animas,0.7158,0.494
8073,CO,Lincoln,0.552,0.326
8075,CO,Logan,0.9275,0.528
8077,CO,Mesa,0.9662,0.625
8079,CO,Mineral,0.8921,0.551
8081,CO,Moffat,0.9484,0.618
8083,CO,Montezuma,0.8434,0.264
8085,CO,Montrose,0.9456,0.691
8087,CO,Morgan,0.8946,0.595
8089,CO,Otero,0.8535,0.63
8091,CO,Ouray,0.9653,0.205
8093,CO,Park,0.9161,0.24
8095,CO,Phillips,1,0.548
8097,CO,Pitkin,0.979,0.766
8099,CO,Prowers,0.7019,0.236
8101,CO,Pueblo,0.9628,0.608
8103,CO,Rio Blanco,0.7244,0.591
8105,CO,Rio Grande,0.9886,0.29
8107,CO,Routt,0.9596,0.495
8109,CO,Saguache,0.8003,0.203
8111,CO,San Juan,0.6552,0.288
8113,CO,San Miguel,0.7115,0.522
8115,CO,Sedgwick,0.8243,0.243
8117,CO,Summit,0.8957,0.682
8119,CO,Teller,0.8689,0.358
8121,CO,Washington,0.8225,0.182
8123,CO,Weld,0.9532,0.677
8125,CO,Yuma,0.9866,0.313
9001,CT,Fairfield,0.9932,0.707
9003,CT,Hartford,0.9904,0.675
9005,CT,Litchfield,0.9914,0.641
9007,CT,Middlesex,0.994,0.631
9009,CT,New Haven,0.9977,0.661
9011,CT,New London,0.9881,0.71
9013,CT,Tolland,0.9735,0.736
9015,CT,Windham,0.9962,0.586
10001,DE,Kent,0.9626,0.733
10003,DE,New Castle,0.9796,0.788
10005,DE,Sussex,0.9861,0.658
11001,DC,District of Columbia,0.9796,0.658
12001,FL,Alachua,0.8639,0.574
12003,FL,Baker,0.8448,0.391
12005,FL,Bay,0.9393,0.694
12007,FL,Bradford,0.5327,0.273
12009,FL,Brevard,0.9951,0.776
12011,FL,Broward,0.9815,0.802
12013,FL,Calhoun,0.9407,0.104
12015,FL,Charlotte,0.9728,0.679
12017,FL,Citrus,0.9404,0.627
12019,FL,Clay,0.9307,0.782
12021,FL,Collier,0.953,0.72
12023,FL,Columbia,0.8251,0.462
12027,FL,DeSoto,1,0.105
12029,FL,Dixie,0.0078,0.041
12031,FL,Duval,1,0.802
12033,FL,Escambia,0.9543,0.711
12035,FL,Flagler,0.9632,0.878
12037,FL,Franklin,0.8336,0.398
12039,FL,Gadsden,0.9103,0.186
12041,FL,Gilchrist,0.2821,0.049
12043,FL,Glades,0.6469,0.063
12045,FL,Gulf,0.9195,0.405
12047,FL,Hamilton,0.7198,0.088
12049,FL,Hardee,1,0.109
12051,FL,Hendry,0.7638,0.334
12053,FL,Hernando,0.9777,0.772
12055,FL,Highlands,1,0.419
12057,FL,Hillsborough,0.997,0.782
12059,FL,Holmes,0.3422,0.095
12061,FL,Indian River,1,0.715
12063,FL,Jackson,0.5988,0.173
12065,FL,Jefferson,0.3081,0.079
12067,FL,Lafayette,0.6073,0.165
12069,FL,Lake,0.9216,0.79
12071,FL,Lee,0.9135,0.725
12073,FL,Leon,0.9652,0.571
12075,FL,Levy,0.1399,0.063
12077,FL,Liberty,0.6755,0.137
12079,FL,Madison,0.5728,0.114
12081,FL,Manatee,0.9935,0.821
12083,FL,Marion,0.9203,0.547
12085,FL,Martin,0.9732,0.695
12086,FL,Miami-Dade,0.9649,0.681
12087,FL,Monroe,0.9614,0.733
12089,FL,Nassau,0.9275,0.688
12091,FL,Okaloosa,0.9293,0.769
12093,FL,Okeechobee,1,0.381
12095,FL,Orange,1,0.831
12097,FL,Osceola,1,0.906
12099,FL,Palm Beach,0.9694,0.718
12101,FL,Pasco,0.9859,0.773
12103,FL,Pinellas,0.9993,0.71
12105,FL,Polk,0.9537,0.674
12107,FL,Putnam,0.8297,0.341
12109,FL,St. Johns,1,0.856
12111,FL,St. Lucie,0.9437,0.7
12113,FL,Santa Rosa,0.8827,0.635
12115,FL,Sarasota,0.9889,0.776
12117,FL,Seminole,1,0.735
12119,FL,Sumter,0.9317,0.565
12121,FL,Suwannee,0.8819,0.207
12123,FL,Taylor,0.713,0.31
12125,FL,Union,0.7205,0.451
12127,FL,Volusia,1,0.689
12129,FL,Wakulla,0.9233,0.387
12131,FL,Walton,0.8154,0.627
12133,FL,Washington,0.3113,0.129
13001,GA,Appling,0.5103,0.19
13003,GA,Atkinson,0.6438,0.11
13005,GA,Bacon,0.7784,0.496
13007,GA,Baker,0.0329,0.022
13009,GA,Baldwin,0.962,0.612
13011,GA,Banks,0.8324,0.249
13013,GA,Barrow,0.9865,0.763
13015,GA,Bartow,0.9425,0.498
13017,GA,Ben Hill,0.9252,0.758
13019,GA,Berrien,0.8592,0.136
13021,GA,Bibb,0.9732,0.581
13023,GA,Bleckley,0.5383,0.28
13025,GA,Brantley,0.9941,0.327
13027,GA,Brooks,0.8345,0.211
13029,GA,Bryan,0.9513,0.806
13031,GA,Bulloch,1,0.575
13033,GA,Burke,0.722,0.241
13035,GA,Butts,0.7959,0.206
13037,GA,Calhoun,0.2488,0.072
13039,GA,Camden,0.9246,0.674
13043,GA,Candler,1,0.875
13045,GA,Carroll,0.9271,0.447
13047,GA,Catoosa,0.9899,0.485
13049,GA,Charlton,0.726,0.085
13051,GA,Chatham,0.9844,0.727
13053,GA,Chattahoochee,0.5456,0.755
13055,GA,Chattooga,0.9781,0.145
13057,GA,Cherokee,0.974,0.841
13059,GA,Clarke,0.9942,0.639
13061,GA,Clay,0.6524,0.067
13063,GA,Clayton,0.9824,0.877
13065,GA,Clinch,0.7067,0.113
13067,GA,Cobb,0.9796,0.778
13069,GA,Coffee,0.9187,0.481
13071,GA,Colquitt,0.8958,0.538
13073,GA,Columbia,0.9832,0.853
13075,GA,Cook,0.8466,0.16
13077,GA,Coweta,0.959,0.743
13079,GA,Crawford,0.9353,0.156
13081,GA,Crisp,0.8039,0.354
13083,GA,Dade,0.9286,0.379
13085,GA,Dawson,0.9108,0.455
13087,GA,Decatur,0.6635,0.288
13089,GA,DeKalb,0.9869,0.756
13091,GA,Dodge,0.6748,0.139
13093,GA,Dooly,0.5515,0.084
13095,GA,Dougherty,0.9737,0.591
13097,GA,Douglas,0.9761,0.78
13099,GA,Early,0.5383,0.156
13101,GA,Echols,0.0002,0.034
13103,GA,Effingham,0.9677,0.648
13105,GA,Elbert,0.8497,0.267
13107,GA,Emanuel,0.9467,0.309
13109,GA,Evans,0.8232,0.257
13111,GA,Fannin,0.9205,0.432
13113,GA,Fayette,0.9807,0.882
13115,GA,Floyd,0.9426,0.485
13117,GA,Forsyth,0.9906,0.92
13119,GA,Franklin,0.8482,0.148
13121,GA,Fulton,0.9837,0.744
13123,GA,Gilmer,0.8201,0.521
13125,GA,Glascock,0.0101,0.033
13127,GA,Glynn,0.9669,0.693
13129,GA,Gordon,0.9226,0.367
13131,GA,Grady,0.839,0.264
13133,GA,Greene,0.7104,0.561
13135,GA,Gwinnett,0.9903,0.935
13137,GA,Habersham,0.9594,0.574
13139,GA,Hall,0.9786,0.567
13141,GA,Hancock,0.1275,0.1
13143,GA,Haralson,1,0.135
13145,GA,Harris,0.8671,0.244
13147,GA,Hart,0.9703,0.414
13149,GA,Heard,0.5978,0.117
13151,GA,Henry,0.9954,0.891
13153,GA,Houston,0.9397,0.749
13155,GA,Irwin,0.6125,0.214
13157,GA,Jackson,0.9398,0.645
13159,GA,Jasper,0.6094,0.149
13161,GA,Jeff Davis,0.6241,0.182
13163,GA,Jefferson,0.0882,0.082
13165,GA,Jenkins,0.8228,0.09
13167,GA,Johnson,0.3034,0.149
13169,GA,Jones,0.8682,0.445
13171,GA,Lamar,0.726,0.118
13173,GA,Lanier,0.8538,0.13
13175,GA,Laurens,0.712,0.387
13177,GA,Lee,0.8914,0.526
13179,GA,Liberty,0.9394,0.448
13181,GA,Lincoln,0.9999,0.287
13183,GA,Long,0.8439,0.217
13185,GA,Lowndes,0.8169,0.534
13187,GA,Lumpkin,0.8909,0.425
13189,GA,McDuffie,0.8201,0.207
13191,GA,McIntosh,0.97,0.359
13193,GA,Macon,0.7509,0.279
13195,GA,Madison,0.9165,0.153
13197,GA,Marion,0.7152,0.069
13199,GA,Meriwether,0.5331,0.281
13201,GA,Miller,0.1072,0.187
13205,GA,Mitchell,0.59,0.169
13207,GA,Monroe,0.5259,0.2
13209,GA,Montgomery,0.501,0.119
13211,GA,Morgan,0.467,0.176
13213,GA,Murray,0.9859,0.427
13215,GA,Muscogee,0.9897,0.715
13217,GA,Newton,0.97,0.662
13219,GA,Oconee,0.9145,0.304
13221,GA,Oglethorpe,0.8024,0.084
13223,GA,Paulding,0.9866,0.764
13225,GA,Peach,0.6781,0.289
13227,GA,Pickens,0.9341,0.532
13229,GA,Pierce,0.8106,0.233
13231,GA,Pike,0.4435,0.058
13233,GA,Polk,0.9682,0.421
13235,GA,Pulaski,0.7113,0.427
13237,GA,Putnam,0.8868,0.35
13239,GA,Quitman,0.6327,0.038
13241,GA,Rabun,0.9082,0.204
13243,GA,Randolph,0.7904,0.155
13245,GA,Richmond,0.9595,0.609
13247,GA,Rockdale,0.9849,0.873
13249,GA,Schley,0.7675,0.183
13251,GA,Screven,0.9958,0.582
13253,GA,Seminole,0.7815,0.118
13255,GA,Spalding,0.9541,0.573
13257,GA,Stephens,0.9469,0.522
13259,GA,Stewart,0.0082,0.047
13261,GA,Sumter,0.728,0.31
13263,GA,Talbot,0.7977,0.057
13265,GA,Taliaferro,0.9102,0.001
13267,GA,Tattnall,0.7786,0.169
13269,GA,Taylor,0.8304,0.13
13271,GA,Telfair,0.8052,0.144
13273,GA,Terrell,0.7809,0.197
13275,GA,Thomas,0.8826,0.411
13277,GA,Tift,0.8697,0.714
13279,GA,Toombs,0.7742,0.315
13281,GA,Towns,0.9779,0.569
13283,GA,Treutlen,0.1284,0.028
13285,GA,Troup,0.9449,0.633
13287,GA,Turner,0.7282,0.174
13289,GA,Twiggs,0.4504,0.095
13291,GA,Union,0.9608,0.463
13293,GA,Upson,0.9401,0.759
13295,GA,Walker,0.967,0.608
13297,GA,Walton,0.9245,0.704
13299,GA,Ware,0.8648,0.499
13301,GA,Warren,0.0019,0.049
13303,GA,Washington,0.6722,0.269
13305,GA,Wayne,0.8181,0.347
13307,GA,Webster,0.4611,0.119
13309,GA,Wheeler,0.5585,0.062
13311,GA,White,0.9401,0.481
13313,GA,Whitfield,1,0.694
13315,GA,Wilcox,0.6696,0.107
13317,GA,Wilkes,1,0.321
13319,GA,Wilkinson,0.7018,0.146
13321,GA,Worth,0.6566,0.119
15001,HI,Hawaii,0.9336,0.499
15003,HI,Honolulu,0.9933,0.811
15005,HI,Kalawao,0.1977,0.221
15007,HI,Kauai,0.9505,0.622
15009,HI,Maui,0.9621,0.606
16001,ID,Ada,0.9914,0.86
16003,ID,Adams,0.5571,0.085
16005,ID,Bannock,0.9498,0.586
16007,ID,Bear Lake,0.7388,0.336
16009,ID,Benewah,0.7611,0.062
16011,ID,Bingham,0.9846,0.229
16013,ID,Blaine,0.9204,0.61
16015,ID,Boise,0.6613,0.1
16017,ID,Bonner,0.9975,0.338
16019,ID,Bonneville,0.9799,0.754
16021,ID,Boundary,0.9821,0.153
16023,ID,Butte,0.645,0.184
16025,ID,Camas,0.9747,0.017
16027,ID,Canyon,0.999,0.534
16029,ID,Caribou,0.8064,0.567
16031,ID,Cassia,0.9754,0.404
16033,ID,Clark,0.9278,0.192
16035,ID,Clearwater,0.5075,0.107
16037,ID,Custer,0.8106,0.183
16039,ID,Elmore,0.77,0.346
16041,ID,Franklin,0.9448,0.225
16043,ID,Fremont,0.9536,0.178
16045,ID,Gem,0.9737,0.283
16047,ID,Gooding,0.983,0.133
16049,ID,Idaho,0.726,0.422
16051,ID,Jefferson,0.9304,0.255
16053,ID,Jerome,0.9961,0.374
16055,ID,Kootenai,0.9879,0.742
16057,ID,Latah,0.8062,0.763
16059,ID,Lemhi,0.5635,0.14
16061,ID,Lewis,0.2947,0.004
16063,ID,Lincoln,0.9076,0.133
16065,ID,Madison,0.9905,0.77
16067,ID,Minidoka,0.9983,0.279
16069,ID,Nez Perce,0.8671,0.87
16071,ID,Oneida,0.8411,0.463
16073,ID,Owyhee,0.8013,0.197
16075,ID,Payette,0.9515,0.537
16077,ID,Power,0.929,0.163
16079,ID,Shoshone,0.7137,0.085
16081,ID,Teton,0.9137,0.49
16083,ID,Twin Falls,0.9835,0.802
16085,ID,Valley,0.721,0.629
16087,ID,Washington,0.8907,0.19
17001,IL,Adams,0.9007,0.558
17003,IL,Alexander,0.0009,0.104
17005,IL,Bond,1,0.173
17007,IL,Boone,0.9712,0.436
17009,IL,Brown,0.799,0.315
17011,IL,Bureau,1,0.382
17013,IL,Calhoun,0.7341,0.058
17015,IL,Carroll,0.9169,0.248
17017,IL,Cass,0.9333,0.214
17019,IL,Champaign,0.9683,0.525
17021,IL,Christian,1,0.386
17023,IL,Clark,0.8075,0.2
17025,IL,Clay,0.8609,0.587
17027,IL,Clinton,0.9996,0.222
17029,IL,Coles,0.8989,0.33
17031,IL,Cook,0.9921,0.637
17033,IL,Crawford,0.7916,0.233
17035,IL,Cumberland,0.561,0.116
17037,IL,DeKalb,0.965,0.54
17039,IL,De Witt,0.8786,0.309
17041,IL,Douglas,0.8263,0.428
17043,IL,DuPage,0.993,0.883
17045,IL,Edgar,0.9221,0.173
17047,IL,Edwards,0.7801,0.188
17049,IL,Effingham,0.9528,0.586
17051,IL,Fayette,0.5575,0.198
17053,IL,Ford,0.8982,0.349
17055,IL,Franklin,0.9816,0.235
17057,IL,Fulton,0.807,0.265
17059,IL,Gallatin,0.9188,0.216
17061,IL,Greene,0.9088,0.12
17063,IL,Grundy,0.9998,0.547
17065,IL,Hamilton,0.7554,0.289
17067,IL,Hancock,0.8081,0.3
17069,IL,Hardin,1,0.377
17071,IL,Henderson,1,0.228
17073,IL,Henry,1,0.442
17075,IL,Iroquois,0.7873,0.185
17077,IL,Jackson,0.9996,0.35
17079,IL,Jasper,0.5011,0.309
17081,IL,Jefferson,0.9937,0.498
17083,IL,Jersey,0.985,0.262
17085,IL,Jo Daviess,0.8842,0.38
17087,IL,Johnson,0.5514,0.168
17089,IL,Kane,0.9907,0.716
17091,IL,Kankakee,0.9775,0.534
17093,IL,Kendall,0.9879,0.739
17095,IL,Knox,1,0.478
17097,IL,Lake,0.9908,0.771
17099,IL,LaSalle,1,0.415
17101,IL,Lawrence,0.7775,0.32
17103,IL,Lee,1,0.347
17105,IL,Livingston,1,0.334
17107,IL,Logan,0.9351,0.424
17109,IL,McDonough,0.9881,0.464
17111,IL,McHenry,0.9971,0.726
17113,IL,McLean,0.9764,0.662
17115,IL,Macon,0.9936,0.636
17117,IL,Macoupin,0.8394,0.279
17119,IL,Madison,0.999,0.523
17121,IL,Marion,0.923,0.444
17123,IL,Marshall,1,0.177
17125,IL,Mason,0.7953,0.18
17127,IL,Massac,0.7344,0.106
17129,IL,Menard,0.962,0.141
17131,IL,Mercer,1,0.232
17133,IL,Monroe,0.9844,0.743
17135,IL,Montgomery,0.8669,0.294
17137,IL,Morgan,0.8969,0.399
17139,IL,Moultrie,0.9542,0.237
17141,IL,Ogle,0.9593,0.281
17143,IL,Peoria,1,0.564
17145,IL,Perry,0.9591,0.295
17147,IL,Piatt,0.9611,0.366
17149,IL,Pike,0.875,0.285
17151,IL,Pope,0.8391,0.308
17153,IL,Pulaski,0.4489,0.11
17155,IL,Putnam,1,0.168
17157,IL,Randolph,0.9608,0.248
17159,IL,Richland,0.7528,0.38
17161,IL,Rock Island,1,0.471
17163,IL,St. Clair,1,0.558
17165,IL,Saline,0.8336,0.25
17167,IL,Sangamon,0.9842,0.665
17169,IL,Schuyler,0.6164,0.21
17171,IL,Scott,0.9307,0.418
17173,IL,Shelby,0.8972,0.242
17175,IL,Stark,1,0.235
17177,IL,Stephenson,0.9752,0.511
17179,IL,Tazewell,0.9757,0.673
17181,IL,Union,0.8032,0.206
17183,IL,Vermilion,0.9459,0.371
17185,IL,Wabash,0.8751,0.203
17187,IL,Warren,1,0.226
17189,IL,Washington,0.8827,0.201
17191,IL,Wayne,0.9312,0.219
17193,IL,White,0.8142,0.292
17195,IL,Whiteside,1,0.462
17197,IL,Will,0.9943,0.715
17199,IL,Williamson,0.9238,0.529
17201,IL,Winnebago,0.9832,0.663
17203,IL,Woodford,1,0.62
18001,IN,Adams,0.9999,0.273
18003,IN,Allen,0.9911,0.605
18005,IN,Bartholomew,0.9371,0.571
18007,IN,Benton,0.9238,0.032
18009,IN,Blackford,1,0.295
18011,IN,Boone,0.9392,0.616
18013,IN,Brown,0.9102,0.241
18015,IN,Carroll,0.6315,0.167
18017,IN,Cass,0.9383,0.231
18019,IN,Clark,0.9646,0.619
18021,IN,Clay,0.9458,0.386
18023,IN,Clinton,0.9184,0.347
18025,IN,Crawford,0.3453,0.054
18027,IN,Daviess,0.9961,0.384
18029,IN,Dearborn,0.9599,0.477
18031,IN,Decatur,0.7557,0.359
18033,IN,DeKalb,0.9825,0.387
18035,IN,Delaware,1,0.397
18037,IN,Dubois,0.7935,0.356
18039,IN,Elkhart,0.9767,0.529
18041,IN,Fayette,1,0.308
18043,IN,Floyd,0.9916,0.728
18045,IN,Fountain,0.8935,0.094
18047,IN,Franklin,0.7032,0.196
18051,IN,Gibson,0.8733,0.182
18053,IN,Grant,0.9418,0.407
18055,IN,Greene,0.8647,0.182
18057,IN,Hamilton,0.9985,0.775
18059,IN,Hancock,0.9905,0.808
18061,IN,Harrison,0.9686,0.278
18063,IN,Hendricks,0.972,0.708
18065,IN,Henry,0.9834,0.157
18067,IN,Howard,0.9627,0.652
18069,IN,Huntington,0.9993,0.141
18071,IN,Jackson,0.9875,0.582
18073,IN,Jasper,0.8557,0.265
18075,IN,Jay,0.9495,0.256
18077,IN,Jefferson,0.8644,0.484
18079,IN,Jennings,0.8202,0.241
18081,IN,Johnson,0.9648,0.712
18083,IN,Knox,1,0.702
18085,IN,Kosciusko,0.9947,0.472
18087,IN,LaGrange,0.685,0.089
18089,IN,Lake,0.9976,0.63
18091,IN,LaPorte,0.9949,0.732
18093,IN,Lawrence,0.8562,0.253
18095,IN,Madison,1,0.44
18097,IN,Marion,0.9993,0.557
18099,IN,Marshall,1,0.235
18101,IN,Martin,0.8624,0.076
18103,IN,Miami,0.952,0.382
18105,IN,Monroe,0.9428,0.579
18107,IN,Montgomery,0.7942,0.236
18109,IN,Morgan,0.9481,0.405
18111,IN,Newton,0.972,0.236
18113,IN,Noble,0.8944,0.355
18115,IN,Ohio,0.7971,0.169
18117,IN,Orange,0.9115,0.379
18119,IN,Owen,0.8175,0.184
18121,IN,Parke,0.7417,0.152
18123,IN,Perry,0.8366,0.357
18125,IN,Pike,0.9471,0.079
18127,IN,Porter,1,0.665
18129,IN,Posey,0.7333,0.133
18131,IN,Pulaski,0.7016,0.212
18133,IN,Putnam,0.7649,0.446
18135,IN,Randolph,0.9988,0.094
18137,IN,Ripley,0.6632,0.299
18139,IN,Rush,0.9941,0.137
18141,IN,St. Joseph,0.994,0.507
18143,IN,Scott,1,0.457
18145,IN,Shelby,0.8156,0.383
18147,IN,Spencer,0.7484,0.243
18149,IN,Starke,0.9357,0.231
18151,IN,Steuben,0.9512,0.299
18153,IN,Sullivan,0.943,0.096
18155,IN,Switzerland,0.2662,0.069
18157,IN,Tippecanoe,0.9689,0.531
18159,IN,Tipton,1,0.216
18161,IN,Union,0.9991,0.111
18163,IN,Vanderburgh,0.9887,0.531
18165,IN,Vermillion,0.9655,0.175
18167,IN,Vigo,0.9709,0.473
18169,IN,Wabash,0.9986,0.118
18171,IN,Warren,0.8863,0.102
18173,IN,Warrick,0.8981,0.491
18175,IN,Washington,0.9982,0.321
18177,IN,Wayne,1,0.732
18179,IN,Wells,0.9408,0.305
18181,IN,White,0.915,0.572
18183,IN,Whitley,1,0.256
19001,IA,Adair,0.9074,0.188
19003,IA,Adams,0.666,0.192
19005,IA,Allamakee,0.8479,0.189
19007,IA,Appanoose,0.983,0.31
19009,IA,Audubon,0.9285,0.197
19011,IA,Benton,0.9483,0.357
19013,IA,Black Hawk,0.9993,0.636
19015,IA,Boone,0.9867,0.303
19017,IA,Bremer,0.9971,0.555
19019,IA,Buchanan,0.943,0.435
19021,IA,Buena Vista,0.993,0.389
19023,IA,Butler,0.9861,0.253
19025,IA,Calhoun,0.8388,0.2
19027,IA,Carroll,0.938,0.487
19029,IA,Cass,0.9929,0.392
19031,IA,Cedar,0.8933,0.35
19033,IA,Cerro Gordo,0.9997,0.666
19035,IA,Cherokee,0.9529,0.329
19037,IA,Chickasaw,0.979,0.245
19039,IA,Clarke,0.8838,0.51
19041,IA,Clay,0.9884,0.825
19043,IA,Clayton,0.7814,0.384
19045,IA,Clinton,0.9645,0.694
19047,IA,Crawford,0.8869,0.212
19049,IA,Dallas,0.9792,0.443
19051,IA,Davis,0.8446,0.445
19053,IA,Decatur,0.9452,0.301
19055,IA,Delaware,0.9777,0.362
19057,IA,Des Moines,0.9483,0.895
19059,IA,Dickinson,0.9926,0.585
19061,IA,Dubuque,0.989,0.567
19063,IA,Emmet,0.9933,0.439
19065,IA,Fayette,0.9226,0.202
19067,IA,Floyd,0.9923,0.6
19069,IA,Franklin,0.9892,0.185
19071,IA,Fremont,0.9793,0.13
19073,IA,Greene,0.9837,0.468
19075,IA,Grundy,0.9992,0.316
19077,IA,Guthrie,0.935,0.383
19079,IA,Hamilton,0.9783,0.237
19081,IA,Hancock,0.9771,0.481
19083,IA,Hardin,0.9616,0.278
19085,IA,Harrison,1,0.199
19087,IA,Henry,0.8929,0.454
19089,IA,Howard,0.979,0.236
19091,IA,Humboldt,0.8523,0.223
19093,IA,Ida,0.948,0.221
19095,IA,Iowa,0.8527,0.398
19097,IA,Jackson,0.9396,0.355
19099,IA,Jasper,0.9119,0.581
19101,IA,Jefferson,0.9995,0.746
19103,IA,Johnson,0.9403,0.519
19105,IA,Jones,0.9465,0.327
19107,IA,Keokuk,0.8503,0.305
19109,IA,Kossuth,0.9542,0.386
19111,IA,Lee,0.9409,0.477
19113,IA,Linn,0.9856,0.62
19115,IA,Louisa,0.7747,0.143
19117,IA,Lucas,0.9523,0.396
19119,IA,Lyon,0.9682,0.5
19121,IA,Madison,0.9771,0.231
19123,IA,Mahaska,0.974,0.467
19125,IA,Marion,0.9014,0.395
19127,IA,Marshall,0.945,0.416
19129,IA,Mills,1,0.229
19131,IA,Mitchell,0.9923,0.432
19133,IA,Monona,0.9973,0.197
19135,IA,Monroe,0.9337,0.413
19137,IA,Montgomery,0.9923,0.811
19139,IA,Muscatine,0.9233,0.444
19141,IA,O'Brien,1,0.652
19143,IA,Osceola,0.973,0.32
19145,IA,Page,0.9171,0.44
19147,IA,Palo Alto,0.966,0.4
19149,IA,Plymouth,0.977,0.494
19151,IA,Pocahontas,0.8618,0.313
19153,IA,Polk,0.9738,0.579
19155,IA,Pottawattamie,1,0.42
19157,IA,Poweshiek,0.7889,0.471
19159,IA,Ringgold,0.5911,0.215
19161,IA,Sac,0.8985,0.282
19163,IA,Scott,0.9804,0.698
19165,IA,Shelby,0.9969,0.574
19167,IA,Sioux,0.9933,0.632
19169,IA,Story,0.9542,0.465
19171,IA,Tama,0.8737,0.338
19173,IA,Taylor,0.6978,0.118
19175,IA,Union,0.9336,0.353
19177,IA,Van Buren,0.7442,0.206
19179,IA,Wapello,0.9445,0.602
19181,IA,Warren,0.934,0.349
19183,IA,Washington,0.9013,0.362
19185,IA,Wayne,1,0.299
19187,IA,Webster,0.9675,0.525
19189,IA,Winnebago,0.9996,0.54
19191,IA,Winneshiek,0.8991,0.385
19193,IA,Woodbury,0.9703,0.464
19195,IA,Worth,0.9993,0.428
19197,IA,Wright,0.9854,0.294
20001,KS,Allen,1,0.58
20003,KS,Anderson,1,0.179
20005,KS,Atchison,0.815,0.337
20007,KS,Barber,0.8762,0.287
20009,KS,Barton,0.9306,0.427
20011,KS,Bourbon,0.9922,0.353
20013,KS,Brown,0.7952,0.385
20015,KS,Butler,0.9448,0.44
20017,KS,Chase,0.1847,0.101
20019,KS,Chautauqua,0.2951,0.122
20021,KS,Cherokee,0.9865,0.21
20023,KS,Cheyenne,0.5201,0.271
20025,KS,Clark,0.4734,0.246
20027,KS,Clay,0.9898,0.501
20029,KS,Cloud,0.9925,0.421
20031,KS,Coffey,0.9998,0.546
20033,KS,Comanche,0.7541,0.169
20035,KS,Cowley,0.9543,0.569
20037,KS,Crawford,0.9595,0.735
20039,KS,Decatur,0.7329,0.163
20041,KS,Dickinson,0.9081,0.266
20043,KS,Doniphan,0.8174,0.232
20045,KS,Douglas,1,0.598
20047,KS,Edwards,0.6934,0.108
20049,KS,Elk,0.8866,0.402
20051,KS,Ellis,0.9966,0.545
20053,KS,Ellsworth,0.8877,0.317
20055,KS,Finney,0.9939,0.474
20057,KS,Ford,0.8317,0.456
20059,KS,Franklin,1,0.384
20061,KS,Geary,0.8476,0.608
20063,KS,Gove,0.7147,0.168
20065,KS,Graham,0.9855,0.242
20067,KS,Grant,1,0.399
20069,KS,Gray,0.8093,0.345
20071,KS,Greeley,0.961,0.171
20073,KS,Greenwood,0.3872,0.184
20075,KS,Hamilton,1,0.386
20077,KS,Harper,0.9925,0.363
20079,KS,Harvey,0.9999,0.582
20081,KS,Haskell,0.9841,0.218
20083,KS,Hodgeman,0.6237,0.046
20085,KS,Jackson,0.9278,0.216
20087,KS,Jefferson,0.9743,0.133
20089,KS,Jewell,0.9705,0.463
20091,KS,Johnson,0.9997,0.72
20093,KS,Kearny,0.9997,0.274
20095,KS,Kingman,0.8788,0.232
20097,KS,Kiowa,0.7899,0.247
20099,KS,Labette,0.7649,0.299
20101,KS,Lane,0.9798,0.098
20103,KS,Leavenworth,0.9636,0.614
20105,KS,Lincoln,0.8609,0.31
20107,KS,Linn,1,0.19
20109,KS,Logan,0.8923,0.366
20111,KS,Lyon,0.9987,0.503
20113,KS,McPherson,0.8303,0.654
20115,KS,Marion,0.9076,0.25
20117,KS,Marshall,0.9756,0.387
20119,KS,Meade,0.001,0.141
20121,KS,Miami,1,0.307
20123,KS,Mitchell,0.9928,0.593
20125,KS,Montgomery,0.9617,0.504
20127,KS,Morris,0.9729,0.362
20129,KS,Morton,1,0.251
20131,KS,Nemaha,0.7369,0.271
20133,KS,Neosho,0.9749,0.36
20135,KS,Ness,0.8876,0.248
20137,KS,Norton,0.7474,0.508
20139,KS,Osage,1,0.171
20141,KS,Osborne,0.9798,0.657
20143,KS,Ottawa,0.8129,0.198
20145,KS,Pawnee,0.9012,0.237
20147,KS,Phillips,0.7572,0.687
20149,KS,Pottawatomie,0.97,0.617
20151,KS,Pratt,0.7943,0.884
20153,KS,Rawlins,0.4617,0.199
20155,KS,Reno,0.9656,0.407
20157,KS,Republic,0.9312,0.284
20159,KS,Rice,0.7795,0.201
20161,KS,Riley,0.8863,0.522
20163,KS,Rooks,0.8709,0.603
20165,KS,Rush,0.8317,0.486
20167,KS,Russell,0.9936,0.442
20169,KS,Saline,0.9177,0.764
20171,KS,Scott,0.9998,0.202
20173,KS,Sedgwick,0.9863,0.645
20175,KS,Seward,0.5745,0.213
20177,KS,Shawnee,1,0.534
20179,KS,Sheridan,0.7652,0.383
20181,KS,Sherman,0.8655,0.324
20183,KS,Smith,0.8758,0.703
20185,KS,Stafford,0.7305,0.2
20187,KS,Stanton,1,0.198
20189,KS,Stevens,0.9872,0.426
20191,KS,Sumner,0.9284,0.239
20193,KS,Thomas,0.9025,0.414
20195,KS,Trego,0.8816,0.437
20197,KS,Wabaunsee,0.6707,0.183
20199,KS,Wallace,0.53,0.247
20201,KS,Washington,0.7952,0.358
20203,KS,Wichita,0.9519,0.178
20205,KS,Wilson,1,0.119
20207,KS,Woodson,0.9175,0.105
20209,KS,Wyandotte,0.9979,0.549
21001,KY,Adair,0.7839,0.314
21003,KY,Allen,0.9891,0.379
21005,KY,Anderson,0.9866,0.422
21007,KY,Ballard,0.7968,0.415
21009,KY,Barren,0.8386,0.446
21011,KY,Bath,0.9871,0.138
21013,KY,Bell,0.9849,0.379
21015,KY,Boone,0.9925,0.624
21017,KY,Bourbon,0.9946,0.372
21019,KY,Boyd,0.9737,0.577
21021,KY,Boyle,0.9924,0.548
21023,KY,Bracken,0.9889,0.118
21025,KY,Breathitt,0.6861,0.094
21027,KY,Breckinridge,0.7461,0.139
21029,KY,Bullitt,0.9944,0.702
21031,KY,Butler,0.2708,0.059
21033,KY,Caldwell,0.6835,0.15
21035,KY,Calloway,0.9557,0.525
21037,KY,Campbell,0.994,0.583
21039,KY,Carlisle,0.9599,0.106
21041,KY,Carroll,0.8164,0.529
21043,KY,Carter,0.8975,0.579
21045,KY,Casey,0.9211,0.033
21047,KY,Christian,0.8719,0.496
21049,KY,Clark,0.9664,0.43
21051,KY,Clay,0.9735,0.26
21053,KY,Clinton,0.9208,0.129
21055,KY,Crittenden,0.662,0.048
21057,KY,Cumberland,0.5718,0.17
21059,KY,Daviess,0.905,0.533
21061,KY,Edmonson,0.8961,0.139
21063,KY,Elliott,1,0.206
21065,KY,Estill,0.9747,0.197
21067,KY,Fayette,0.9974,0.619
21069,KY,Fleming,0.9926,0.353
21071,KY,Floyd,0.9417,0.243
21073,KY,Franklin,0.9946,0.381
21075,KY,Fulton,0.6264,0.083
21077,KY,Gallatin,0.8629,0.273
21079,KY,Garrard,0.9184,0.103
21081,KY,Grant,0.9594,0.381
21083,KY,Graves,0.9483,0.623
21085,KY,Grayson,0.9031,0.153
21087,KY,Green,0.879,0.199
21089,KY,Greenup,0.9558,0.2
21091,KY,Hancock,0.1833,0.051
21093,KY,Hardin,0.9998,0.712
21095,KY,Harlan,0.909,0.102
21097,KY,Harrison,0.9988,0.208
21099,KY,Hart,0.9056,0.214
21101,KY,Henderson,0.8923,0.533
21103,KY,Henry,0.8416,0.073
21105,KY,Hickman,0.3247,0.134
21107,KY,Hopkins,0.8195,0.344
21109,KY,Jackson,0.9999,0.382
21111,KY,Jefferson,0.9998,0.579
21113,KY,Jessamine,0.9855,0.408
21115,KY,Johnson,0.9877,0.388
21117,KY,Kenton,0.9951,0.618
21119,KY,Knott,0.9923,0.267
21121,KY,Knox,0.9489,0.284
21123,KY,Larue,0.8753,0.362
21125,KY,Laurel,0.9882,0.611
21127,KY,Lawrence,1,0.327
21129,KY,Lee,0.4539,0.091
21131,KY,Leslie,0.7925,0.091
21133,KY,Letcher,0.9672,0.151
21135,KY,Lewis,0.9159,0.064
21137,KY,Lincoln,0.7891,0.064
21139,KY,Livingston,0.8314,0.099
21141,KY,Logan,0.7192,0.31
21143,KY,Lyon,0.2823,0.078
21145,KY,McCracken,0.9775,0.524
21147,KY,McCreary,1,0.243
21149,KY,McLean,0.5062,0.061
21151,KY,Madison,0.9589,0.475
21153,KY,Magoffin,1,0.329
21155,KY,Marion,0.9091,0.27
21157,KY,Marshall,0.9687,0.379
21159,KY,Martin,0.819,0.307
21161,KY,Mason,1,0.227
21163,KY,Meade,1,0.638
21165,KY,Menifee,1,0.249
21167,KY,Mercer,0.9891,0.28
21169,KY,Metcalfe,0.7605,0.167
21171,KY,Monroe,0.8813,0.093
21173,KY,Montgomery,0.9998,0.447
21175,KY,Morgan,1,0.49
21177,KY,Muhlenberg,0.8033,0.26
21179,KY,Nelson,0.9592,0.393
21181,KY,Nicholas,1,0.043
21183,KY,Ohio,0.4722,0.17
21185,KY,Oldham,0.9858,0.52
21187,KY,Owen,0.8985,0.164
21189,KY,Owsley,1,0.374
21191,KY,Pendleton,0.8523,0.281
21193,KY,Perry,0.9736,0.132
21195,KY,Pike,0.9396,0.321
21197,KY,Powell,0.7597,0.168
21199,KY,Pulaski,0.981,0.441
21201,KY,Robertson,1,0.088
21203,KY,Rockcastle,0.9521,0.116
21205,KY,Rowan,0.9901,0.319
21207,KY,Russell,0.8605,0.606
21209,KY,Scott,0.9882,0.5
21211,KY,Shelby,0.998,0.516
21213,KY,Simpson,0.6808,0.477
21215,KY,Spencer,0.993,0.197
21217,KY,Taylor,0.9391,0.32
21219,KY,Todd,0.4946,0.076
21221,KY,Trigg,0.6974,0.277
21223,KY,Trimble,0.8323,0.072
21225,KY,Union,0.8097,0.29
21227,KY,Warren,0.934,0.511
21229,KY,Washington,0.8402,0.117
21231,KY,Wayne,0.8306,0.178
21233,KY,Webster,0.6295,0.093
21235,KY,Whitley,0.9653,0.483
21237,KY,Wolfe,1,0.201
21239,KY,Woodford,0.9909,0.38
22001,LA,Acadia,0.7202,0.22
22003,LA,Allen,0.6107,0.115
22005,LA,Ascension,0.9878,0.692
22007,LA,Assumption,0.9886,0.157
22009,LA,Avoyelles,0.726,0.13
22011,LA,Beauregard,0.4305,0.257
22013,LA,Bienville,0.2124,0.056
22015,LA,Bossier,0.874,0.584
22017,LA,Caddo,0.9619,0.418
22019,LA,Calcasieu,0.8958,0.321
22021,LA,Caldwell,0.5206,0.212
22023,LA,Cameron,0.0184,0.134
22025,LA,Catahoula,0.2629,0.025
22027,LA,Claiborne,0.4999,0.081
22029,LA,Concordia,0.7605,0.095
22031,LA,De Soto,0.7241,0.139
22033,LA,East Baton Rouge,1,0.546
22035,LA,East Carroll,0.6671,0.111
22037,LA,East Feliciana,0.2578,0.062
22039,LA,Evangeline,0.5352,0.168
22041,LA,Franklin,0.3216,0.148
22043,LA,Grant,0.3435,0.105
22045,LA,Iberia,0.9997,0.343
22047,LA,Iberville,0.8499,0.376
22049,LA,Jackson,0.0886,0.033
22051,LA,Jefferson,0.9841,0.533
22053,LA,Jefferson Davis,0.7583,0.126
22055,LA,Lafayette,0.9752,0.636
22057,LA,Lafourche,0.9945,0.66
22059,LA,LaSalle,0.4517,0.09
22061,LA,Lincoln,0.7341,0.502
22063,LA,Livingston,0.9864,0.476
22065,LA,Madison,0.6987,0.199
22067,LA,Morehouse,0.8647,0.323
22069,LA,Natchitoches,0.6733,0.315
22071,LA,Orleans,0.9346,0.403
22073,LA,Ouachita,0.9675,0.439
22075,LA,Plaquemines,0.7534,0.318
22077,LA,Pointe Coupee,0.836,0.223
22079,LA,Rapides,0.8215,0.515
22081,LA,Red River,0.3175,0.072
22083,LA,Richland,0.4937,0.215
22085,LA,Sabine,0.2456,0.062
22087,LA,St. Bernard,0.942,0.402
22089,LA,St. Charles,0.9725,0.528
22091,LA,St. Helena,0.2827,0.066
22093,LA,St. James,0.9948,0.228
22095,LA,St. John the Baptist,0.9996,0.427
22097,LA,St. Landry,0.9477,0.518
22099,LA,St. Martin,0.9933,0.4
22101,LA,St. Mary,0.9833,0.309
22103,LA,St. Tammany,0.9873,0.697
22105,LA,Tangipahoa,0.8879,0.508
22107,LA,Tensas,0.0305,0.054
22109,LA,Terrebonne,0.9969,0.555
22111,LA,Union,0.3405,0.054
22113,LA,Vermilion,0.9609,0.28
22115,LA,Vernon,0.5884,0.346
22117,LA,Washington,0.4575,0.103
22119,LA,Webster,0.6822,0.2
22121,LA,West Baton Rouge,0.9128,0.42
22123,LA,West Carroll,0.3195,0.137
22125,LA,West Feliciana,0.3543,0.151
22127,LA,Winn,0.4009,0.164
23001,ME,Androscoggin,0.9983,0.592
23003,ME,Aroostook,0.9163,0.436
23005,ME,Cumberland,0.9975,0.646
23007,ME,Franklin,0.9062,0.314
23009,ME,Hancock,0.9101,0.48
23011,ME,Kennebec,0.9982,0.586
23015,ME,Lincoln,0.9645,0.445
23017,ME,Oxford,0.921,0.362
23019,ME,Penobscot,0.9476,0.523
23021,ME,Piscataquis,0.8216,0.234
23023,ME,Sagadahoc,0.9813,0.435
23025,ME,Somerset,0.913,0.282
23027,ME,Waldo,0.8895,0.316
23029,ME,Washington,0.9029,0.314
23031,ME,York,0.9897,0.574
24001,MD,Allegany,0.9059,0.633
24003,MD,Anne Arundel,0.9759,0.846
24005,MD,Baltimore,0.9829,0.8
24009,MD,Calvert,0.9779,0.758
24011,MD,Caroline,0.9333,0.37
24013,MD,Carroll,0.9774,0.677
24015,MD,Cecil,0.968,0.741
24017,MD,Charles,0.9211,0.747
24019,MD,Dorchester,0.8922,0.509
24021,MD,Frederick,0.9776,0.806
24023,MD,Garrett,0.9174,0.479
24025,MD,Harford,0.9906,0.767
24027,MD,Howard,0.9767,0.883
24029,MD,Kent,0.9781,0.403
24031,MD,Montgomery,0.9879,0.81
24033,MD,Prince George's,0.9701,0.864
24035,MD,Queen Anne's,0.9849,0.723
24037,MD,St. Mary's,0.9665,0.862
24039,MD,Somerset,0.9107,0.184
24041,MD,Talbot,0.8717,0.616
24043,MD,Washington,0.9668,0.523
24045,MD,Wicomico,0.9823,0.767
24047,MD,Worcester,0.9074,0.759
24510,MD,Baltimore,0.9872,0.591
25001,MA,Barnstable,0.9864,0.759
25003,MA,Berkshire,0.9398,0.56
25005,MA,Bristol,0.9839,0.715
25007,MA,Dukes,0.9275,0.568
25009,MA,Essex,0.9888,0.713
25011,MA,Franklin,0.8236,0.567
25013,MA,Hampden,0.9814,0.694
25015,MA,Hampshire,0.8729,0.562
25017,MA,Middlesex,0.9867,0.812
25019,MA,Nantucket,0.9878,0.976
25021,MA,Norfolk,0.9783,0.781
25023,MA,Plymouth,0.9784,0.809
25025,MA,Suffolk,0.9843,0.623
25027,MA,Worcester,0.9894,0.734
26001,MI,Alcona,0.7052,0.139
26003,MI,Alger,0.7587,0.311
26005,MI,Allegan,0.9029,0.392
26007,MI,Alpena,0.9211,0.803
26009,MI,Antrim,0.9995,0.363
26011,MI,Arenac,0.6967,0.32
26013,MI,Baraga,0.6344,0.197
26015,MI,Barry,0.8065,0.27
26017,MI,Bay,0.9466,0.663
26019,MI,Benzie,0.9385,0.317
26021,MI,Berrien,0.9481,0.639
26023,MI,Branch,0.9953,0.473
26025,MI,Calhoun,0.9528,0.432
26027,MI,Cass,0.9761,0.396
26029,MI,Charlevoix,0.9814,0.461
26031,MI,Cheboygan,0.8007,0.407
26033,MI,Chippewa,0.7651,0.435
26035,MI,Clare,0.9273,0.248
26037,MI,Clinton,0.9876,0.439
26039,MI,Crawford,0.9361,0.202
26041,MI,Delta,0.8343,0.43
26043,MI,Dickinson,0.7323,0.522
26045,MI,Eaton,0.95,0.453
26047,MI,Emmet,0.9923,0.513
26049,MI,Genesee,0.9893,0.645
26051,MI,Gladwin,0.9705,0.148
26053,MI,Gogebic,0.802,0.56
26055,MI,Grand Traverse,0.9817,0.679
26057,MI,Gratiot,1,0.246
26059,MI,Hillsdale,0.9834,0.263
26061,MI,Houghton,0.8414,0.491
26063,MI,Huron,0.6762,0.346
26065,MI,Ingham,0.9826,0.604
26067,MI,Ionia,0.9998,0.232
26069,MI,Iosco,0.8766,0.455
26071,MI,Iron,0.5198,0.174
26073,MI,Isabella,0.9989,0.608
26075,MI,Jackson,0.9225,0.508
26077,MI,Kalamazoo,0.9825,0.637
26079,MI,Kalkaska,0.8954,0.215
26081,MI,Kent,0.9998,0.654
26083,MI,Keweenaw,0.535,0.127
26085,MI,Lake,0.4265,0.036
26087,MI,Lapeer,0.8318,0.409
26089,MI,Leelanau,0.9639,0.149
26091,MI,Lenawee,0.941,0.427
26093,MI,Livingston,0.9916,0.711
26095,MI,Luce,0.0393,0.093
26097,MI,Mackinac,0.5723,0.165
26099,MI,Macomb,0.9857,0.712
26101,MI,Manistee,0.7618,0.416
26103,MI,Marquette,0.8928,0.597
26105,MI,Mason,0.9338,0.523
26107,MI,Mecosta,1,0.529
26109,MI,Menominee,0.6622,0.125
26111,MI,Midland,0.9778,0.74
26113,MI,Missaukee,0.4388,0.087
26117,MI,Montcalm,1,0.468
26119,MI,Montmorency,0.7015,0.098
26121,MI,Muskegon,0.9783,0.571
26123,MI,Newaygo,0.7927,0.243
26125,MI,Oakland,0.9906,0.75
26127,MI,Oceana,0.7624,0.112
26129,MI,Ogemaw,0.9103,0.224
26131,MI,Ontonagon,0.6733,0.103
26133,MI,Osceola,0.9719,0.104
26135,MI,Oscoda,0.9561,0.077
26137,MI,Otsego,0.9486,0.666
26139,MI,Ottawa,0.9965,0.732
26141,MI,Presque Isle,0.8539,0.091
26143,MI,Roscommon,0.9561,0.675
26145,MI,Saginaw,0.9557,0.559
26147,MI,St. Clair,0.8897,0.495
26149,MI,St. Joseph,0.9023,0.552
26151,MI,Sanilac,0.3422,0.121
26153,MI,Schoolcraft,0.572,0.124
26155,MI,Shiawassee,0.9149,0.541
26157,MI,Tuscola,0.6996,0.199
26159,MI,Van Buren,0.8582,0.458
26161,MI,Washtenaw,0.9821,0.627
26163,MI,Wayne,0.9916,0.617
26165,MI,Wexford,0.6708,0.474
27001,MN,Aitkin,0.7224,0.217
27003,MN,Anoka,0.9925,0.71
27005,MN,Becker,0.9421,0.661
27007,MN,Beltrami,0.9934,0.847
27009,MN,Benton,0.9256,0.376
27011,MN,Big Stone,0.9347,0.443
27013,MN,Blue Earth,0.9919,0.765
27015,MN,Brown,0.9779,0.566
27017,MN,Carlton,0.773,0.375
27019,MN,Carver,0.9986,0.674
27021,MN,Cass,0.897,0.26
27023,MN,Chippewa,1,0.3
27025,MN,Chisago,0.9207,0.221
27027,MN,Clay,0.9847,0.466
27029,MN,Clearwater,0.9997,0.27
27031,MN,Cook,0.9848,0.753
27033,MN,Cottonwood,1,0.203
27035,MN,Crow Wing,0.9514,0.755
27037,MN,Dakota,0.9995,0.725
27039,MN,Dodge,1,0.553
27041,MN,Douglas,0.9967,0.621
27043,MN,Faribault,0.9848,0.271
27045,MN,Fillmore,0.9663,0.34
27047,MN,Freeborn,0.9999,0.331
27049,MN,Goodhue,0.9968,0.609
27051,MN,Grant,0.9901,0.344
27053,MN,Hennepin,0.9998,0.692
27055,MN,Houston,0.9073,0.372
27057,MN,Hubbard,0.9811,0.453
27059,MN,Isanti,0.8131,0.572
27061,MN,Itasca,0.9445,0.511
27063,MN,Jackson,1,0.483
27065,MN,Kanabec,0.6318,0.09
27067,MN,Kandiyohi,1,0.545
27069,MN,Kittson,0.7182,0.253
27071,MN,Koochiching,0.8228,0.356
27073,MN,Lac qui Parle,0.9944,0.365
27075,MN,Lake,0.9175,0.274
27077,MN,Lake of the Woods,0.607,0.318
27079,MN,Le Sueur,0.997,0.469
27081,MN,Lincoln,1,0.213
27083,MN,Lyon,1,0.557
27085,MN,McLeod,0.9836,0.633
27087,MN,Mahnomen,0.9282,0.225
27089,MN,Marshall,0.8107,0.171
27091,MN,Martin,0.9936,0.461
27093,MN,Meeker,0.9652,0.497
27095,MN,Mille Lacs,0.7691,0.322
27097,MN,Morrison,0.9129,0.23
27099,MN,Mower,0.9992,0.427
27101,MN,Murray,1,0.152
27103,MN,Nicollet,0.9528,0.441
27105,MN,Nobles,1,0.452
27107,MN,Norman,0.9755,0.279
27109,MN,Olmsted,0.9991,0.774
27111,MN,Otter Tail,0.9869,0.426
27113,MN,Pennington,0.9873,0.423
27115,MN,Pine,0.6755,0.193
27117,MN,Pipestone,1,0.397
27119,MN,Polk,0.9949,0.408
27121,MN,Pope,0.9951,0.258
27123,MN,Ramsey,0.9992,0.682
27125,MN,Red Lake,1,0.533
27127,MN,Redwood,1,0.234
27129,MN,Renville,1,0.31
27131,MN,Rice,0.9897,0.576
27133,MN,Rock,1,0.758
27135,MN,Roseau,0.789,0.323
27137,MN,St. Louis,0.8902,0.494
27139,MN,Scott,0.9927,0.733
27141,MN,Sherburne,0.9405,0.691
27143,MN,Sibley,0.9935,0.438
27145,MN,Stearns,0.9623,0.645
27147,MN,Steele,1,0.785
27149,MN,Stevens,0.9898,0.795
27151,MN,Swift,0.9987,0.383
27153,MN,Todd,0.7986,0.426
27155,MN,Traverse,0.9761,0.135
27157,MN,Wabasha,0.9939,0.456
27159,MN,Wadena,0.9714,0.52
27161,MN,Waseca,1,0.258
27163,MN,Washington,0.9833,0.67
27165,MN,Watonwan,0.9964,0.67
27167,MN,Wilkin,0.9965,0.148
27169,MN,Winona,0.9988,0.446
27171,MN,Wright,0.9619,0.578
27173,MN,Yellow Medicine,1,0.272
28001,MS,Adams,0.8488,0.459
28003,MS,Alcorn,0.7763,0.369
28005,MS,Amite,0.747,0.105
28007,MS,Attala,0.5162,0.143
28009,MS,Benton,0.4409,0.141
28011,MS,Bolivar,0.7678,0.35
28013,MS,Calhoun,0.7179,0.122
28015,MS,Carroll,0.276,0.068
28017,MS,Chickasaw,0.5588,0.092
28019,MS,Choctaw,0.5659,0.167
28021,MS,Claiborne,0.414,0.131
28023,MS,Clarke,0.4468,0.087
28025,MS,Clay,0.6469,0.16
28027,MS,Coahoma,0.7518,0.22
28029,MS,Copiah,0.4006,0.073
28031,MS,Covington,0.0451,0.054
28033,MS,DeSoto,0.9656,0.575
28035,MS,Forrest,0.9129,0.231
28037,MS,Franklin,0.2528,0.129
28039,MS,George,0.7602,0.131
28041,MS,Greene,0.2263,0.047
28043,MS,Grenada,0.8029,0.342
28045,MS,Hancock,0.9942,0.317
28047,MS,Harrison,0.9762,0.477
28049,MS,Hinds,0.9176,0.365
28051,MS,Holmes,0.6209,0.07
28053,MS,Humphreys,0.5676,0.149
28055,MS,Issaquena,0.0173,0.145
28057,MS,Itawamba,0.6489,0.131
28059,MS,Jackson,0.9787,0.412
28061,MS,Jasper,0.6047,0.147
28063,MS,Jefferson,0.0309,0.053
28065,MS,Jefferson Davis,0.6537,0.031
28067,MS,Jones,0.786,0.292
28069,MS,Kemper,0.1372,0.027
28071,MS,Lafayette,0.8259,0.482
28073,MS,Lamar,0.8381,0.487
28075,MS,Lauderdale,0.8678,0.355
28077,MS,Lawrence,0.0615,0.049
28079,MS,Leake,0.4547,0.066
28081,MS,Lee,0.8878,0.529
28083,MS,Leflore,0.8134,0.379
28085,MS,Lincoln,0.7191,0.18
28087,MS,Lowndes,0.8988,0.342
28089,MS,Madison,0.9627,0.567
28091,MS,Marion,0.4886,0.057
28093,MS,Marshall,0.6767,0.105
28095,MS,Monroe,0.7177,0.175
28097,MS,Montgomery,0.7877,0.255
28099,MS,Neshoba,0.6451,0.269
28101,MS,Newton,0.6903,0.071
28103,MS,Noxubee,0.4986,0.026
28105,MS,Oktibbeha,0.8646,0.381
28107,MS,Panola,0.7542,0.213
28109,MS,Pearl River,0.9394,0.347
28111,MS,Perry,0.2253,0.012
28113,MS,Pike,0.7852,0.221
28115,MS,Pontotoc,0.5639,0.219
28117,MS,Prentiss,0.6786,0.273
28119,MS,Quitman,0.6188,0.053
28121,MS,Rankin,0.9549,0.463
28123,MS,Scott,0.5739,0.052
28125,MS,Sharkey,0.5547,0.083
28127,MS,Simpson,0.5809,0.074
28129,MS,Smith,0.4511,0.043
28131,MS,Stone,0.8926,0.153
28133,MS,Sunflower,0.7486,0.149
28135,MS,Tallahatchie,0.5486,0.074
28137,MS,Tate,0.7815,0.252
28139,MS,Tippah,0.8456,0.213
28141,MS,Tishomingo,0.6357,0.149
28143,MS,Tunica,0.6806,0.131
28145,MS,Union,0.6678,0.336
28147,MS,Walthall,0.2662,0.031
28149,MS,Warren,0.9745,0.208
28151,MS,Washington,0.9007,0.312
28153,MS,Wayne,0.6252,0.071
28155,MS,Webster,0.4943,0.069
28157,MS,Wilkinson,0.5811,0.091
28159,MS,Winston,0.6873,0.349
28161,MS,Yalobusha,0.6554,0.053
29001,MO,Adair,0.9708,0.475
29003,MO,Andrew,0.8811,0.639
29005,MO,Atchison,0.79,0.129
29007,MO,Audrain,0.9536,0.73
29009,MO,Barry,0.979,0.416
29011,MO,Barton,0.7403,0.047
29013,MO,Bates,0.6578,0.142
29015,MO,Benton,0.3123,0.171
29017,MO,Bollinger,0.0161,0.066
29019,MO,Boone,0.9249,0.466
29021,MO,Buchanan,0.891,0.488
29023,MO,Butler,0.8241,0.262
29025,MO,Caldwell,0.3756,0.148
29027,MO,Callaway,1,0.586
29029,MO,Camden,0.9137,0.625
29031,MO,Cape Girardeau,0.8576,0.584
29033,MO,Carroll,0.6493,0.196
29035,MO,Carter,0.1824,0.039
29037,MO,Cass,0.9368,0.406
29039,MO,Cedar,0.7473,0.132
29041,MO,Chariton,0.6092,0.419
29043,MO,Christian,1,0.473
29045,MO,Clark,0.846,0.162
29047,MO,Clay,0.9836,0.719
29049,MO,Clinton,0.8253,0.319
29051,MO,Cole,1,0.548
29053,MO,Cooper,0.9999,0.365
29055,MO,Crawford,0.9848,0.171
29057,MO,Dade,0.6309,0.074
29059,MO,Dallas,0.9998,0.1
29061,MO,Daviess,0.7079,0.104
29063,MO,DeKalb,0.6103,0.428
29065,MO,Dent,0.6825,0.267
29067,MO,Douglas,1,0.102
29069,MO,Dunklin,0.998,0.255
29071,MO,Franklin,0.9514,0.405
29073,MO,Gasconade,0.9944,0.183
29075,MO,Gentry,0.9575,0.199
29077,MO,Greene,1,0.547
29079,MO,Grundy,0.9178,0.284
29081,MO,Harrison,0.682,0.187
29083,MO,Henry,0.5075,0.151
29085,MO,Hickory,0.2074,0.082
29087,MO,Holt,0.5769,0.073
29089,MO,Howard,0.1625,0.183
29091,MO,Howell,0.9021,0.252
29093,MO,Iron,0.632,0.146
29095,MO,Jackson,0.9853,0.618
29097,MO,Jasper,0.9814,0.525
29099,MO,Jefferson,0.9647,0.549
29101,MO,Johnson,0.921,0.553
29103,MO,Knox,0.6507,0.269
29105,MO,Laclede,1,0.24
29107,MO,Lafayette,0.7683,0.137
29109,MO,Lawrence,0.9905,0.186
29111,MO,Lewis,0.8937,0.412
29113,MO,Lincoln,0.9238,0.497
29115,MO,Linn,0.8876,0.497
29117,MO,Livingston,0.7564,0.297
29119,MO,McDonald,0.8133,0.091
29121,MO,Macon,0.9439,0.606
29123,MO,Madison,0.5153,0.102
29125,MO,Maries,0.9963,0.036
29127,MO,Marion,0.9862,0.596
29129,MO,Mercer,0.6939,0.221
29131,MO,Miller,0.9648,0.141
29133,MO,Mississippi,0.9249,0.151
29135,MO,Moniteau,1,0.52
29137,MO,Monroe,0.7148,0.146
29139,MO,Montgomery,0.9965,0.172
29141,MO,Morgan,0.9851,0.512
29143,MO,New Madrid,0.9508,0.157
29145,MO,Newton,0.9999,0.185
29147,MO,Nodaway,0.9116,0.454
29149,MO,Oregon,0.2077,0.138
29151,MO,Osage,1,0.1
29153,MO,Ozark,0.0375,0.048
29155,MO,Pemiscot,0.9066,0.085
29157,MO,Perry,0.5334,0.6
29159,MO,Pettis,0.7534,0.375
29161,MO,Phelps,0.8391,0.371
29163,MO,Pike,0.7128,0.196
29165,MO,Platte,0.9547,0.587
29167,MO,Polk,0.9355,0.352
29169,MO,Pulaski,0.9443,0.353
29171,MO,Putnam,0.9514,0.122
29173,MO,Ralls,0.9836,0.367
29175,MO,Randolph,0.742,0.321
29177,MO,Ray,0.6515,0.168
29179,MO,Reynolds,0.5219,0.037
29181,MO,Ripley,0.2467,0.078
29183,MO,St. Charles,0.9878,0.758
29185,MO,St. Clair,0.1184,0.032
29186,MO,Ste. Genevieve,0.5856,0.113
29187,MO,St. Francois,0.8932,0.502
29189,MO,St. Louis,0.999,0.711
29195,MO,Saline,0.8107,0.257
29197,MO,Schuyler,0.9197,0.161
29199,MO,Scotland,0.9231,0.2
29201,MO,Scott,0.9198,0.669
29203,MO,Shannon,0.1506,0.014
29205,MO,Shelby,0.9283,0.195
29207,MO,Stoddard,0.8957,0.291
29209,MO,Stone,1,0.097
29211,MO,Sullivan,0.7862,0.188
29213,MO,Taney,0.9626,0.52
29215,MO,Texas,0.764,0.09
29217,MO,Vernon,0.7595,0.212
29219,MO,Warren,0.8298,0.429
29221,MO,Washington,0.5092,0.079
29223,MO,Wayne,0.4328,0.087
29225,MO,Webster,1,0.141
29227,MO,Worth,0.5931,0.071
29229,MO,Wright,1,0.098
29510,MO,St. Louis,1,0.509
30001,MT,Beaverhead,0.8365,0.344
30003,MT,Big Horn,0.4524,0.193
30005,MT,Blaine,0.9832,0.316
30007,MT,Broadwater,0.5945,0.17
30009,MT,Carbon,0.4809,0.257
30011,MT,Carter,0.5256,0.191
30013,MT,Cascade,0.9978,0.673
30015,MT,Chouteau,0.9892,0.274
30017,MT,Custer,0.9193,0.68
30019,MT,Daniels,0.9828,0.375
30021,MT,Dawson,0.8842,0.524
30023,MT,Deer Lodge,0.7914,0.499
30025,MT,Fallon,0.7646,0.538
30027,MT,Fergus,0.8725,0.512
30029,MT,Flathead,0.8473,0.71
30031,MT,Gallatin,0.99,0.687
30033,MT,Garfield,0.4285,0.779
30035,MT,Glacier,0.6929,0.265
30037,MT,Golden Valley,0.9086,0.275
30039,MT,Granite,0.3036,0.064
30041,MT,Hill,0.9712,0.529
30043,MT,Jefferson,0.6665,0.106
30045,MT,Judith Basin,0.8629,0.114
30047,MT,Lake,0.7069,0.363
30049,MT,Lewis and Clark,0.9918,0.61
30051,MT,Liberty,0.988,0.206
30053,MT,Lincoln,0.7402,0.183
30055,MT,McCone,0.4946,0.514
30057,MT,Madison,0.693,0.513
30059,MT,Meagher,0.9656,0.186
30061,MT,Mineral,0.3587,0.075
30063,MT,Missoula,0.9317,0.589
30065,MT,Musselshell,0.5888,0.498
30067,MT,Park,0.7069,0.421
30069,MT,Petroleum,0.4004,0.261
30071,MT,Phillips,0.8275,0.144
30073,MT,Pondera,0.379,0.207
30075,MT,Powder River,0.5672,0.241
30077,MT,Powell,0.5443,0.128
30079,MT,Prairie,0.6342,0.329
30081,MT,Ravalli,0.8991,0.262
30083,MT,Richland,0.7874,0.665
30085,MT,Roosevelt,0.7559,0.282
30087,MT,Rosebud,0.6433,0.208
30089,MT,Sanders,0.3304,0.103
30091,MT,Sheridan,0.8178,0.27
30093,MT,Silver Bow,0.9589,0.55
30095,MT,Stillwater,0.7274,0.079
30097,MT,Sweet Grass,0.9181,0.332
30099,MT,Teton,0.5648,0.345
30101,MT,Toole,0.4426,0.127
30103,MT,Treasure,0.6839,0.033
30105,MT,Valley,0.8119,0.292
30107,MT,Wheatland,0.9713,0.201
30109,MT,Wibaux,0.0826,0.125
30111,MT,Yellowstone,0.9352,0.69
31001,NE,Adams,0.939,0.637
31003,NE,Antelope,0.8012,0.198
31005,NE,Arthur,0.7559,
31007,NE,Banner,0.9879,
31009,NE,Blaine,0.4839,0.097
31011,NE,Boone,0.6308,0.159
31013,NE,Box Butte,0.9849,0.535
31015,NE,Boyd,0.9943,0.424
31017,NE,Brown,0.268,0.109
31019,NE,Buffalo,0.9653,0.713
31021,NE,Burt,0.981,0.266
31023,NE,Butler,1,0.243
31025,NE,Cass,1,0.419
31027,NE,Cedar,0.6553,0.267
31029,NE,Chase,1,0.48
31031,NE,Cherry,0.515,0.146
31033,NE,Cheyenne,0.9522,0.436
31035,NE,Clay,0.7429,0.219
31037,NE,Colfax,1,0.132
31039,NE,Cuming,0.89,0.284
31041,NE,Custer,0.6641,0.244
31043,NE,Dakota,0.9079,0.271
31045,NE,Dawes,0.7901,0.339
31047,NE,Dawson,0.9018,0.435
31049,NE,Deuel,0.9409,0.111
31051,NE,Dixon,0.9237,0.301
31053,NE,Dodge,1,0.55
31055,NE,Douglas,1,0.657
31057,NE,Dundy,0.961,0.449
31059,NE,Fillmore,0.8411,0.598
31061,NE,Franklin,0.72,0.216
31063,NE,Frontier,0.7678,0.043
31065,NE,Furnas,0.7868,0.191
31067,NE,Gage,0.9535,0.407
31069,NE,Garden,0.9249,0.073
31071,NE,Garfield,0.9025,0.23
31073,NE,Gosper,0.5251,0.26
31075,NE,Grant,0.6934,0.108
31077,NE,Greeley,0.3565,0.136
31079,NE,Hall,0.9978,0.689
31081,NE,Hamilton,0.9944,0.409
31083,NE,Harlan,0.7559,0.074
31085,NE,Hayes,0.8766,0.159
31087,NE,Hitchcock,0.9743,0.174
31089,NE,Holt,0.8074,0.206
31091,NE,Hooker,0.9413,0.123
31093,NE,Howard,0.8116,0.178
31095,NE,Jefferson,0.6807,0.351
31097,NE,Johnson,1,0.116
31099,NE,Kearney,0.8987,0.333
31101,NE,Keith,0.9459,0.589
31103,NE,Keya Paha,0.9653,0.163
31105,NE,Kimball,0.9705,0.215
31107,NE,Knox,0.5193,0.133
31109,NE,Lancaster,1,0.677
31111,NE,Lincoln,0.9431,0.558
31113,NE,Logan,0.2366,0.186
31115,NE,Loup,0.8462,0.089
31117,NE,McPherson,0.5182,
31119,NE,Madison,0.9669,0.536
31121,NE,Merrick,0.9381,0.267
31123,NE,Morrill,0.9819,0.268
31125,NE,Nance,0.8068,0.203
31127,NE,Nemaha,1,0.31
31129,NE,Nuckolls,0.7406,0.429
31131,NE,Otoe,1,0.416
31133,NE,Pawnee,0.8898,0.078
31135,NE,Perkins,0.9588,0.322
31137,NE,Phelps,0.9311,0.281
31139,NE,Pierce,0.8127,0.183
31141,NE,Platte,0.9838,0.535
31143,NE,Polk,0.9944,0.244
31145,NE,Red Willow,0.989,0.346
31147,NE,Richardson,0.9959,0.272
31149,NE,Rock,0.7377,0.108
31151,NE,Saline,0.9944,0.451
31153,NE,Sarpy,1,0.726
31155,NE,Saunders,1,0.361
31157,NE,Scotts Bluff,1,0.683
31159,NE,Seward,1,0.635
31161,NE,Sheridan,0.5198,0.12
31163,NE,Sherman,0.7434,0.184
31165,NE,Sioux,1,0.072
31167,NE,Stanton,0.912,0.26
31169,NE,Thayer,0.6502,0.341
31171,NE,Thomas,0.8019,0.1
31173,NE,Thurston,0.5868,0.235
31175,NE,Valley,0.7814,0.262
31177,NE,Washington,1,0.239
31179,NE,Wayne,0.7327,0.346
31181,NE,Webster,0.5612,0.393
31183,NE,Wheeler,0.7791,0.264
31185,NE,York,0.9915,0.589
32001,NV,Churchill,0.8894,0.756
32003,NV,Clark,0.9938,0.781
32005,NV,Douglas,0.9652,0.644
32007,NV,Elko,0.7842,0.129
32009,NV,Esmeralda,0.2325,0.074
32011,NV,Eureka,0.0621,0.026
32013,NV,Humboldt,0.9074,0.18
32015,NV,Lander,0.0022,0.056
32017,NV,Lincoln,0.8703,0.145
32019,NV,Lyon,0.8227,0.563
32021,NV,Mineral,0.7154,0.315
32023,NV,Nye,0.8587,0.535
32027,NV,Pershing,0.1767,0.035
32029,NV,Storey,0.6911,0.176
32031,NV,Washoe,0.9722,0.73
32033,NV,White Pine,0.0095,0.083
32510,NV,Carson City,0.9948,0.796
33001,NH,Belknap,0.9732,0.774
33003,NH,Carroll,0.9774,0.625
33005,NH,Cheshire,0.8636,0.404
33007,NH,Coos,0.8917,0.426
33009,NH,Grafton,0.9401,0.563
33011,NH,Hillsborough,0.9817,0.871
33013,NH,Merrimack,0.9779,0.786
33015,NH,Rockingham,0.99,0.844
33017,NH,Strafford,0.984,0.726
33019,NH,Sullivan,0.8682,0.629
34001,NJ,Atlantic,0.979,0.639
34003,NJ,Bergen,0.9961,0.833
34005,NJ,Burlington,0.9849,0.778
34007,NJ,Camden,0.9881,0.776
34009,NJ,Cape May,0.9861,0.749
34011,NJ,Cumberland,0.9687,0.55
34013,NJ,Essex,0.9864,0.731
34015,NJ,Gloucester,0.9902,0.738
34017,NJ,Hudson,0.9873,0.684
34019,NJ,Hunterdon,0.9901,0.693
34021,NJ,Mercer,0.977,0.816
34023,NJ,Middlesex,0.967,0.832
34025,NJ,Monmouth,0.9904,0.847
34027,NJ,Morris,0.9689,0.864
34029,NJ,Ocean,0.9862,0.736
34031,NJ,Passaic,0.9935,0.804
34033,NJ,Salem,0.9745,0.534
34035,NJ,Somerset,0.9927,0.831
34037,NJ,Sussex,0.9966,0.58
34039,NJ,Union,0.9931,0.784
34041,NJ,Warren,0.9893,0.614
35001,NM,Bernalillo,0.99,0.615
35003,NM,Catron,0.0831,0.053
35005,NM,Chaves,0.9159,0.337
35006,NM,Cibola,0.6765,0.232
35007,NM,Colfax,0.2637,0.111
35009,NM,Curry,0.9182,0.576
35011,NM,De Baca,0.8124,0.455
35013,NM,Dona Ana,0.8459,0.335
35015,NM,Eddy,0.8468,0.434
35017,NM,Grant,0.8555,0.273
35019,NM,Guadalupe,0.6833,0.463
35021,NM,Harding,0.6864,0.477
35023,NM,Hidalgo,0.0715,0.035
35025,NM,Lea,0.932,0.536
35027,NM,Lincoln,0.8645,0.454
35028,NM,Los Alamos,0.9943,0.665
35029,NM,Luna,0.5815,0.098
35031,NM,McKinley,0.5141,0.135
35033,NM,Mora,0.6355,0.164
35035,NM,Otero,0.7886,0.436
35037,NM,Quay,0.6226,0.385
35039,NM,Rio Arriba,0.8619,0.16
35041,NM,Roosevelt,0.8104,0.333
35043,NM,Sandoval,0.9168,0.464
35045,NM,San Juan,0.7837,0.482
35047,NM,San Miguel,0.4943,0.101
35049,NM,Santa Fe,0.9806,0.375
35051,NM,Sierra,0.8211,0.248
35053,NM,Socorro,0.0453,0.211
35055,NM,Taos,0.7825,0.384
35057,NM,Torrance,0.4439,0.074
35059,NM,Union,0.7637,0.291
35061,NM,Valencia,0.8646,0.305
36003,NY,Allegany,0.7666,0.305
36005,NY,Bronx,0.9817,0.486
36007,NY,Broome,0.9913,0.621
36009,NY,Cattaraugus,0.8212,0.32
36011,NY,Cayuga,0.9692,0.675
36013,NY,Chautauqua,0.9784,0.575
36015,NY,Chemung,0.9804,0.649
36017,NY,Chenango,0.9575,0.345
36019,NY,Clinton,0.9351,0.595
36021,NY,Columbia,0.992,0.495
36023,NY,Cortland,0.9575,0.496
36025,NY,Delaware,0.9766,0.462
36027,NY,Dutchess,0.9783,0.827
36029,NY,Erie,0.9984,0.656
36031,NY,Essex,0.9391,0.398
36033,NY,Franklin,0.9536,0.491
36035,NY,Fulton,0.9665,0.624
36037,NY,Genesee,0.9588,0.531
36039,NY,Greene,0.9828,0.687
36041,NY,Hamilton,0.853,0.637
36043,NY,Herkimer,0.9365,0.44
36045,NY,Jefferson,0.9848,0.62
36047,NY,Kings,0.9978,0.568
36049,NY,Lewis,0.8551,0.186
36051,NY,Livingston,0.9072,0.439
36053,NY,Madison,0.9418,0.45
36055,NY,Monroe,0.9999,0.59
36057,NY,Montgomery,0.9793,0.608
36059,NY,Nassau,0.9926,0.874
36061,NY,New York,1,0.55
36063,NY,Niagara,0.9933,0.642
36065,NY,Oneida,0.971,0.57
36067,NY,Onondaga,0.999,0.708
36069,NY,Ontario,0.9945,0.622
36071,NY,Orange,0.9878,0.785
36073,NY,Orleans,0.9745,0.56
36075,NY,Oswego,0.995,0.584
36077,NY,Otsego,0.9168,0.52
36079,NY,Putnam,0.9894,0.827
36081,NY,Queens,0.9996,0.689
36083,NY,Rensselaer,0.9997,0.707
36085,NY,Richmond,1,0.713
36087,NY,Rockland,0.9872,0.769
36089,NY,St. Lawrence,0.9537,0.513
36091,NY,Saratoga,0.9991,0.592
36093,NY,Schenectady,0.9998,0.719
36095,NY,Schoharie,0.9909,0.4
36097,NY,Schuyler,0.9738,0.506
36099,NY,Seneca,0.9956,0.387
36101,NY,Steuben,0.8998,0.492
36103,NY,Suffolk,0.9652,0.854
36105,NY,Sullivan,0.9947,0.515
36107,NY,Tioga,0.9636,0.364
36109,NY,Tompkins,0.986,0.554
36111,NY,Ulster,0.9953,0.696
36113,NY,Warren,0.9621,0.803
36115,NY,Washington,0.9766,0.282
36117,NY,Wayne,0.9636,0.565
36119,NY,Westchester,0.9872,0.758
36121,NY,Wyoming,0.8541,0.354
36123,NY,Yates,0.9327,0.504
37001,NC,Alamance,0.9882,0.608
37003,NC,Alexander,0.9888,0.352
37005,NC,Alleghany,0.9981,0.495
37007,NC,Anson,0.8944,0.2
37009,NC,Ashe,0.996,0.504
37011,NC,Avery,0.9814,0.328
37013,NC,Beaufort,0.8636,0.335
37015,NC,Bertie,0.7442,0.13
37017,NC,Bladen,0.7188,0.279
37019,NC,Brunswick,0.9778,0.755
37021,NC,Buncombe,0.9919,0.729
37023,NC,Burke,0.9883,0.484
37025,NC,Cabarrus,0.9953,0.801
37027,NC,Caldwell,0.995,0.672
37029,NC,Camden,0.9345,0.331
37031,NC,Carteret,0.9981,0.549
37033,NC,Caswell,0.5726,0.111
37035,NC,Catawba,0.9954,0.66
37037,NC,Chatham,0.8354,0.352
37039,NC,Cherokee,0.8362,0.265
37041,NC,Chowan,0.9706,0.332
37043,NC,Clay,0.8184,0.313
37045,NC,Cleveland,0.9683,0.606
37047,NC,Columbus,0.8407,0.277
37049,NC,Craven,0.9016,0.662
37051,NC,Cumberland,0.9951,0.644
37053,NC,Currituck,0.9733,0.456
37055,NC,Dare,0.9924,0.706
37057,NC,Davidson,0.9963,0.668
37059,NC,Davie,0.9956,0.792
37061,NC,Duplin,0.6969,0.182
37063,NC,Durham,0.9935,0.653
37065,NC,Edgecombe,0.8455,0.348
37067,NC,Forsyth,0.9998,0.659
37069,NC,Franklin,0.8665,0.363
37071,NC,Gaston,0.9983,0.732
37073,NC,Gates,0.5861,0.047
37075,NC,Graham,0.6612,0.094
37077,NC,Granville,0.8693,0.393
37079,NC,Greene,0.2641,0.127
37081,NC,Guilford,0.9982,0.651
37083,NC,Halifax,0.8264,0.361
37085,NC,Harnett,0.9519,0.467
37087,NC,Haywood,0.8348,0.483
37089,NC,Henderson,0.9263,0.459
37091,NC,Hertford,0.8264,0.281
37093,NC,Hoke,0.8957,0.624
37095,NC,Hyde,0.1205,0.069
37097,NC,Iredell,0.9833,0.697
37099,NC,Jackson,0.6056,0.258
37101,NC,Johnston,0.9461,0.671
37103,NC,Jones,0.5078,0.115
37105,NC,Lee,0.9829,0.69
37107,NC,Lenoir,0.8244,0.329
37109,NC,Lincoln,0.9872,0.773
37111,NC,McDowell,0.8309,0.418
37113,NC,Macon,0.6938,0.307
37115,NC,Madison,0.7294,0.272
37117,NC,Martin,0.6887,0.216
37119,NC,Mecklenburg,1,0.791
37121,NC,Mitchell,0.8991,0.317
37123,NC,Montgomery,0.6692,0.104
37125,NC,Moore,0.905,0.562
37127,NC,Nash,0.8852,0.398
37129,NC,New Hanover,0.9984,0.794
37131,NC,Northampton,0.8082,0.064
37133,NC,Onslow,0.9714,0.676
37135,NC,Orange,0.9404,0.552
37137,NC,Pamlico,0.8598,0.432
37139,NC,Pasquotank,0.9988,0.744
37141,NC,Pender,0.7822,0.598
37143,NC,Perquimans,0.8779,0.198
37145,NC,Person,0.9887,0.271
37147,NC,Pitt,0.9028,0.449
37149,NC,Polk,0.899,0.208
37151,NC,Randolph,0.9753,0.505
37153,NC,Richmond,0.9375,0.457
37155,NC,Robeson,0.8515,0.401
37157,NC,Rockingham,0.9706,0.472
37159,NC,Rowan,0.9819,0.608
37161,NC,Rutherford,0.9247,0.221
37163,NC,Sampson,0.6531,0.143
37165,NC,Scotland,0.9111,0.275
37167,NC,Stanly,0.985,0.47
37169,NC,Stokes,0.9747,0.393
37171,NC,Surry,0.9977,0.452
37173,NC,Swain,0.6714,0.184
37175,NC,Transylvania,0.8989,0.547
37177,NC,Tyrrell,0.5209,0.058
37179,NC,Union,0.9901,0.807
37181,NC,Vance,0.95,0.401
37183,NC,Wake,0.9986,0.779
37185,NC,Warren,0.6713,0.156
37187,NC,Washington,0.8326,0.11
37189,NC,Watauga,0.9868,0.779
37191,NC,Wayne,0.9665,0.473
37193,NC,Wilkes,0.9936,0.522
37195,NC,Wilson,0.9828,0.676
37197,NC,Yadkin,0.9926,0.509
37199,NC,Yancey,0.9086,0.562
38001,ND,Adams,1,0.633
38003,ND,Barnes,0.9551,0.439
38005,ND,Benson,0.9955,0.324
38007,ND,Billings,0.5366,0.091
38009,ND,Bottineau,0.9987,0.305
38011,ND,Bowman,1,0.521
38013,ND,Burke,0.8184,0.298
38015,ND,Burleigh,0.9879,0.746
38017,ND,Cass,0.9632,0.674
38019,ND,Cavalier,1,0.534
38021,ND,Dickey,0.9977,0.78
38023,ND,Divide,0.9594,0.243
38025,ND,Dunn,0.9821,0.623
38027,ND,Eddy,1,0.36
38029,ND,Emmons,1,0.522
38031,ND,Foster,1,0.611
38033,ND,Golden Valley,0.607,0.256
38035,ND,Grand Forks,0.9875,0.68
38037,ND,Grant,0.9653,0.396
38039,ND,Griggs,0.9561,0.739
38041,ND,Hettinger,1,0.366
38043,ND,Kidder,1,0.45
38045,ND,LaMoure,1,0.521
38047,ND,Logan,1,0.519
38049,ND,McHenry,0.9993,0.149
38051,ND,McIntosh,1,0.402
38053,ND,McKenzie,0.7279,0.878
38055,ND,McLean,0.9179,0.378
38057,ND,Mercer,0.9987,0.746
38059,ND,Morton,0.9692,0.314
38061,ND,Mountrail,0.8628,0.791
38063,ND,Nelson,1,0.278
38065,ND,Oliver,0.9974,0.692
38067,ND,Pembina,1,0.469
38069,ND,Pierce,1,0.361
38071,ND,Ramsey,1,0.485
38073,ND,Ransom,0.9937,0.571
38075,ND,Renville,0.9875,0.339
38077,ND,Richland,0.9976,0.616
38079,ND,Rolette,0.9891,0.5
38081,ND,Sargent,0.9997,0.596
38083,ND,Sheridan,0.9977,0.164
38085,ND,Sioux,0.9667,0.305
38087,ND,Slope,0.9827,0.333
38089,ND,Stark,0.9806,0.517
38091,ND,Steele,0.9598,0.283
38093,ND,Stutsman,0.9803,0.661
38095,ND,Towner,0.8693,0.314
38097,ND,Traill,0.9798,0.259
38099,ND,Walsh,0.9768,0.411
38101,ND,Ward,0.9762,0.697
38103,ND,Wells,1,0.388
38105,ND,Williams,0.9484,0.747
39001,OH,Adams,0.7436,0.167
39003,OH,Allen,0.9839,0.559
39005,OH,Ashland,1,0.641
39007,OH,Ashtabula,0.9315,0.461
39009,OH,Athens,0.7734,0.257
39011,OH,Auglaize,0.9605,0.597
39013,OH,Belmont,0.8946,0.43
39015,OH,Brown,0.8635,0.168
39017,OH,Butler,0.9983,0.677
39019,OH,Carroll,0.6838,0.282
39021,OH,Champaign,0.9232,0.393
39023,OH,Clark,0.9974,0.522
39025,OH,Clermont,0.9946,0.756
39027,OH,Clinton,0.8199,0.365
39029,OH,Columbiana,0.8442,0.446
39031,OH,Coshocton,0.7323,0.347
39033,OH,Crawford,0.996,0.506
39035,OH,Cuyahoga,0.995,0.641
39037,OH,Darke,0.951,0.383
39039,OH,Defiance,1,0.483
39041,OH,Delaware,0.9942,0.794
39043,OH,Erie,1,0.491
39045,OH,Fairfield,0.9776,0.645
39047,OH,Fayette,0.8774,0.435
39049,OH,Franklin,0.9999,0.672
39051,OH,Fulton,0.9998,0.316
39053,OH,Gallia,0.8825,0.121
39055,OH,Geauga,0.9356,0.581
39057,OH,Greene,0.9814,0.544
39059,OH,Guernsey,0.8276,0.372
39061,OH,Hamilton,0.9999,0.631
39063,OH,Hancock,0.9799,0.538
39065,OH,Hardin,0.9723,0.395
39067,OH,Harrison,0.6537,0.071
39069,OH,Henry,1,0.359
39071,OH,Highland,0.7459,0.274
39073,OH,Hocking,0.7108,0.26
39075,OH,Holmes,1,0.261
39077,OH,Huron,1,0.435
39079,OH,Jackson,0.8578,0.316
39081,OH,Jefferson,0.9276,0.521
39083,OH,Knox,0.7833,0.46
39085,OH,Lake,0.9992,0.58
39087,OH,Lawrence,0.8642,0.557
39089,OH,Licking,0.9543,0.608
39091,OH,Logan,0.9455,0.322
39093,OH,Lorain,1,0.659
39095,OH,Lucas,0.9893,0.473
39097,OH,Madison,0.9417,0.281
39099,OH,Mahoning,0.9869,0.593
39101,OH,Marion,0.994,0.516
39103,OH,Medina,1,0.786
39105,OH,Meigs,0.6713,0.164
39107,OH,Mercer,1,0.497
39109,OH,Miami,0.9927,0.616
39111,OH,Monroe,0.3943,0.091
39113,OH,Montgomery,0.998,0.627
39115,OH,Morgan,0.6088,0.103
39117,OH,Morrow,0.8083,0.441
39119,OH,Muskingum,0.8931,0.665
39121,OH,Noble,0.6655,0.103
39123,OH,Ottawa,1,0.501
39125,OH,Paulding,1,0.191
39127,OH,Perry,0.7183,0.311
39129,OH,Pickaway,0.9343,0.408
39131,OH,Pike,0.8775,0.322
39133,OH,Portage,0.9927,0.539
39135,OH,Preble,0.9877,0.466
39137,OH,Putnam,0.9999,0.387
39139,OH,Richland,0.9979,0.52
39141,OH,Ross,0.9443,0.452
39143,OH,Sandusky,1,0.531
39145,OH,Scioto,0.9054,0.495
39147,OH,Seneca,0.9675,0.512
39149,OH,Shelby,0.9766,0.533
39151,OH,Stark,0.9946,0.58
39153,OH,Summit,0.9999,0.596
39155,OH,Trumbull,0.9754,0.513
39157,OH,Tuscarawas,0.8931,0.592
39159,OH,Union,0.9947,0.684
39161,OH,Van Wert,1,0.486
39163,OH,Vinton,0.6607,0.141
39165,OH,Warren,0.9826,0.777
39167,OH,Washington,0.7813,0.433
39169,OH,Wayne,0.9783,0.428
39171,OH,Williams,0.9999,0.426
39173,OH,Wood,1,0.573
39175,OH,Wyandot,0.9525,0.426
40001,OK,Adair,0.7634,0.309
40003,OK,Alfalfa,0.9435,0.15
40005,OK,Atoka,0.5262,0.117
40007,OK,Beaver,0.8027,0.238
40009,OK,Beckham,0.7207,0.432
40011,OK,Blaine,0.8255,0.233
40013,OK,Bryan,0.9658,0.378
40015,OK,Caddo,0.5297,0.135
40017,OK,Canadian,0.8857,0.701
40019,OK,Carter,1,0.559
40021,OK,Cherokee,0.7994,0.645
40023,OK,Choctaw,0.3648,0.096
40025,OK,Cimarron,0.7426,0.209
40027,OK,Cleveland,0.9484,0.688
40029,OK,Coal,0.7853,0.066
40031,OK,Comanche,0.9467,0.502
40033,OK,Cotton,0.5835,0.206
40035,OK,Craig,0.9955,0.176
40037,OK,Creek,0.6785,0.411
40039,OK,Custer,0.7881,0.413
40041,OK,Delaware,0.908,0.485
40043,OK,Dewey,0.3267,0.158
40045,OK,Ellis,0.737,0.102
40047,OK,Garfield,0.8676,0.461
40049,OK,Garvin,0.7845,0.169
40051,OK,Grady,0.6878,0.347
40053,OK,Grant,0.8994,0.127
40057,OK,Harmon,0.8805,0.048
40059,OK,Harper,0.8381,0.093
40061,OK,Haskell,0.3944,0.152
40063,OK,Hughes,0.5391,0.1
40065,OK,Jackson,0.798,0.474
40067,OK,Jefferson,0.6651,0.09
40069,OK,Johnston,0.9401,0.163
40071,OK,Kay,0.9472,0.369
40073,OK,Kingfisher,0.9255,0.591
40075,OK,Kiowa,0.7331,0.132
40077,OK,Latimer,0.5198,0.076
40079,OK,Le Flore,0.5521,0.19
40081,OK,Lincoln,0.9168,0.111
40083,OK,Logan,1,0.407
40085,OK,Love,1,0.224
40087,OK,McClain,0.8554,0.718
40089,OK,McCurtain,0.5648,0.2
40091,OK,McIntosh,0.4087,0.245
40093,OK,Major,0.3517,0.264
40095,OK,Marshall,1,0.104
40097,OK,Mayes,0.952,0.252
40099,OK,Murray,0.9999,0.145
40101,OK,Muskogee,0.6767,0.462
40103,OK,Noble,0.9304,0.096
40105,OK,Nowata,0.8503,0.083
40107,OK,Okfuskee,0.3664,0.12
40109,OK,Oklahoma,0.9685,0.633
40111,OK,Okmulgee,0.5419,0.224
40113,OK,Osage,0.7369,0.181
40115,OK,Ottawa,0.9995,0.191
40117,OK,Pawnee,0.3493,0.083
40119,OK,Payne,1,0.434
40121,OK,Pittsburg,0.7485,0.287
40123,OK,Pontotoc,0.9338,0.431
40125,OK,Pottawatomie,0.8995,0.363
40127,OK,Pushmataha,0.2598,0.077
40129,OK,Roger Mills,0.1267,0.083
40131,OK,Rogers,0.978,0.284
40133,OK,Seminole,0.6123,0.194
40135,OK,Sequoyah,0.3542,0.202
40137,OK,Stephens,0.9521,0.423
40139,OK,Texas,0.8792,0.377
40141,OK,Tillman,0.9041,0.116
40143,OK,Tulsa,0.9835,0.642
40145,OK,Wagoner,0.8904,0.481
40147,OK,Washington,0.919,0.443
40149,OK,Washita,0.6747,0.113
40151,OK,Woods,0.9061,0.288
40153,OK,Woodward,0.3441,0.138
41001,OR,Baker,0.7059,0.38
41003,OR,Benton,0.9951,0.747
41005,OR,Clackamas,0.9695,0.804
41007,OR,Clatsop,0.8239,0.788
41009,OR,Columbia,0.8067,0.277
41011,OR,Coos,0.8966,0.622
41013,OR,Crook,0.9163,0.371
41015,OR,Curry,0.9423,0.517
41017,OR,Deschutes,0.9745,0.693
41019,OR,Douglas,0.93,0.635
41021,OR,Gilliam,0.3797,0.409
41023,OR,Grant,0.5769,0.317
41025,OR,Harney,0.6733,0.106
41027,OR,Hood River,0.97,0.571
41029,OR,Jackson,0.927,0.615
41031,OR,Jefferson,0.9725,0.286
41033,OR,Josephine,0.8853,0.543
41035,OR,Klamath,0.8426,0.582
41037,OR,Lake,0.4811,0.306
41039,OR,Lane,0.9402,0.658
41041,OR,Lincoln,0.9544,0.65
41043,OR,Linn,0.9746,0.624
41045,OR,Malheur,0.9515,0.216
41047,OR,Marion,0.9909,0.732
41049,OR,Morrow,0.5708,0.466
41051,OR,Multnomah,0.979,0.83
41053,OR,Polk,0.9676,0.792
41055,OR,Sherman,0.5067,0.082
41057,OR,Tillamook,0.9166,0.658
41059,OR,Umatilla,0.93,0.476
41061,OR,Union,0.8933,0.505
41063,OR,Wallowa,0.9051,0.19
41065,OR,Wasco,0.8508,0.837
41067,OR,Washington,0.9715,0.827
41069,OR,Wheeler,,0.149
41071,OR,Yamhill,0.8515,0.59
42001,PA,Adams,0.9387,0.509
42003,PA,Allegheny,0.9937,0.661
42005,PA,Armstrong,0.9542,0.406
42007,PA,Beaver,0.9829,0.589
42009,PA,Bedford,0.762,0.181
42011,PA,Berks,0.9797,0.567
42013,PA,Blair,0.8689,0.517
42015,PA,Bradford,0.7476,0.368
42017,PA,Bucks,0.9864,0.851
42019,PA,Butler,0.9628,0.645
42021,PA,Cambria,0.9366,0.444
42023,PA,Cameron,0.9481,0.305
42025,PA,Carbon,0.9749,0.537
42027,PA,Centre,0.9386,0.547
42029,PA,Chester,0.9891,0.81
42031,PA,Clarion,0.8551,0.34
42033,PA,Clearfield,0.8075,0.46
42035,PA,Clinton,0.9653,0.608
42037,PA,Columbia,0.7994,0.398
42039,PA,Crawford,0.7874,0.52
42041,PA,Cumberland,0.9256,0.657
42043,PA,Dauphin,0.9843,0.695
42045,PA,Delaware,0.99,0.723
42047,PA,Elk,0.9617,0.386
42049,PA,Erie,0.9488,0.514
42051,PA,Fayette,0.8927,0.489
42053,PA,Forest,0.7235,0.107
42055,PA,Franklin,0.9202,0.605
42057,PA,Fulton,0.6028,0.07
42059,PA,Greene,0.8101,0.281
42061,PA,Huntingdon,0.8276,0.374
42063,PA,Indiana,0.8174,0.402
42065,PA,Jefferson,0.8959,0.343
42067,PA,Juniata,0.8018,0.127
42069,PA,Lackawanna,0.8933,0.634
42071,PA,Lancaster,0.9663,0.643
42073,PA,Lawrence,0.9606,0.555
42075,PA,Lebanon,0.9751,0.638
42077,PA,Lehigh,0.999,0.699
42079,PA,Luzerne,0.9701,0.468
42081,PA,Lycoming,0.9566,0.487
42083,PA,McKean,0.8696,0.377
42085,PA,Mercer,0.9131,0.469
42087,PA,Mifflin,0.9599,0.354
42089,PA,Monroe,0.9934,0.604
42091,PA,Montgomery,0.9897,0.831
42093,PA,Montour,0.7219,0.25
42095,PA,Northampton,0.9999,0.647
42097,PA,Northumberland,0.8726,0.455
42099,PA,Perry,0.8479,0.245
42101,PA,Philadelphia,0.9911,0.591
42103,PA,Pike,0.9853,0.679
42105,PA,Potter,0.6977,0.349
42107,PA,Schuylkill,0.9278,0.387
42109,PA,Snyder,0.7738,0.27
42111,PA,Somerset,0.8582,0.492
42113,PA,Sullivan,0.5814,0.143
42115,PA,Susquehanna,0.6028,0.19
42117,PA,Tioga,0.8997,0.315
42119,PA,Union,0.9366,0.365
42121,PA,Venango,0.909,0.447
42123,PA,Warren,0.7523,0.247
42125,PA,Washington,0.9449,0.551
42127,PA,Wayne,0.6491,0.401
42129,PA,Westmoreland,0.9808,0.629
42131,PA,Wyoming,0.8971,0.403
42133,PA,York,0.9961,0.634
44001,RI,Bristol,0.9997,0.777
44003,RI,Kent,0.9855,0.76
44005,RI,Newport,0.965,0.674
44007,RI,Providence,0.989,0.748
44009,RI,Washington,0.9783,0.747
45001,SC,Abbeville,0.9614,0.399
45003,SC,Aiken,0.7016,0.459
45005,SC,Allendale,0.3125,0.034
45007,SC,Anderson,0.9525,0.514
45009,SC,Bamberg,0.399,0.108
45011,SC,Barnwell,0.5312,0.247
45013,SC,Beaufort,0.884,0.749
45015,SC,Berkeley,0.9445,0.662
45017,SC,Calhoun,0.7855,0.152
45019,SC,Charleston,0.9476,0.629
45021,SC,Cherokee,0.8729,0.352
45023,SC,Chester,0.8705,0.176
45025,SC,Chesterfield,0.6777,0.23
45027,SC,Clarendon,0.9383,0.339
45029,SC,Colleton,0.8822,0.392
45031,SC,Darlington,0.8874,0.532
45033,SC,Dillon,0.7687,0.19
45035,SC,Dorchester,0.9269,0.642
45037,SC,Edgefield,0.6781,0.2
45039,SC,Fairfield,0.7977,0.185
45041,SC,Florence,0.9515,0.495
45043,SC,Georgetown,0.8895,0.504
45045,SC,Greenville,0.9834,0.73
45047,SC,Greenwood,0.9133,0.472
45049,SC,Hampton,0.541,0.098
45051,SC,Horry,0.9984,0.824
45053,SC,Jasper,0.6311,0.267
45055,SC,Kershaw,0.833,0.423
45057,SC,Lancaster,0.874,0.471
45059,SC,Laurens,0.9104,0.269
45061,SC,Lee,0.8477,0.136
45063,SC,Lexington,0.9681,0.615
45065,SC,McCormick,0.4012,0.439
45067,SC,Marion,0.7081,0.322
45069,SC,Marlboro,0.401,0.106
45071,SC,Newberry,0.8173,0.329
45073,SC,Oconee,0.8499,0.227
45075,SC,Orangeburg,0.6524,0.413
45077,SC,Pickens,0.9378,0.417
45079,SC,Richland,0.9762,0.527
45081,SC,Saluda,0.6022,0.071
45083,SC,Spartanburg,0.9595,0.528
45085,SC,Sumter,0.9691,0.476
45087,SC,Union,0.7962,0.089
45089,SC,Williamsburg,0.828,0.127
45091,SC,York,0.965,0.653
46003,SD,Aurora,0.7325,0.499
46005,SD,Beadle,1,0.614
46007,SD,Bennett,0.9061,0.304
46009,SD,Bon Homme,0.825,0.301
46011,SD,Brookings,0.9991,0.594
46013,SD,Brown,1,0.451
46015,SD,Brule,1,0.74
46017,SD,Buffalo,1,0.169
46019,SD,Butte,0.994,0.441
46021,SD,Campbell,1,0.552
46023,SD,Charles Mix,0.551,0.371
46025,SD,Clark,0.9909,0.25
46027,SD,Clay,0.9387,0.213
46029,SD,Codington,0.9853,0.69
46031,SD,Corson,0.8336,0.218
46033,SD,Custer,0.6352,0.274
46035,SD,Davison,0.9997,0.611
46037,SD,Day,0.9983,0.159
46039,SD,Deuel,0.9989,0.683
46041,SD,Dewey,0.946,0.54
46043,SD,Douglas,0.8319,0.212
46045,SD,Edmunds,1,0.42
46047,SD,Fall River,0.9137,0.332
46049,SD,Faulk,1,0.673
46051,SD,Grant,0.7764,0.395
46053,SD,Gregory,0.918,0.33
46055,SD,Haakon,0.9242,0.345
46057,SD,Hamlin,0.9995,0.25
46059,SD,Hand,1,0.297
46061,SD,Hanson,0.9997,0.413
46063,SD,Harding,1,0.206
46065,SD,Hughes,0.9998,0.908
46067,SD,Hutchinson,0.997,0.385
46069,SD,Hyde,1,1
46071,SD,Jackson,0.741,0.329
46073,SD,Jerauld,1,0.085
46075,SD,Jones,0.5061,0.209
46077,SD,Kingsbury,1,0.115
46079,SD,Lake,1,0.259
46081,SD,Lawrence,0.943,0.683
46083,SD,Lincoln,0.9559,0.746
46085,SD,Lyman,0.9339,0.213
46087,SD,McCook,0.8177,0.524
46089,SD,McPherson,1,0.516
46091,SD,Marshall,0.9832,0.351
46093,SD,Meade,0.9996,0.296
46095,SD,Mellette,0.5798,0.121
46097,SD,Miner,1,0.438
46099,SD,Minnehaha,0.9855,0.692
46101,SD,Moody,0.9714,0.132
46103,SD,Pennington,0.9551,0.687
46105,SD,Perkins,0.9812,0.725
46107,SD,Potter,1,0.79
46109,SD,Roberts,0.8816,0.533
46111,SD,Sanborn,1,0.353
46102,SD,Oglala,0.7255,0.333
46115,SD,Spink,1,0.106
46117,SD,Stanley,0.9829,0.164
46119,SD,Sully,1,0.914
46121,SD,Todd,0.6264,0.17
46123,SD,Tripp,0.898,0.358
46125,SD,Turner,0.8632,0.281
46127,SD,Union,0.9375,0.426
46129,SD,Walworth,1,0.272
46135,SD,Yankton,0.9268,0.857
46137,SD,Ziebach,1,0.175
47001,TN,Anderson,0.9693,0.653
47003,TN,Bedford,0.9608,0.442
47005,TN,Benton,0.7196,0.124
47007,TN,Bledsoe,0.5383,0.237
47009,TN,Blount,0.9846,0.598
47011,TN,Bradley,0.9779,0.693
47013,TN,Campbell,0.8579,0.363
47015,TN,Cannon,0.9968,0.324
47017,TN,Carroll,0.7124,0.444
47019,TN,Carter,0.9709,0.286
47021,TN,Cheatham,0.9378,0.309
47023,TN,Chester,0.5659,0.349
47025,TN,Claiborne,0.9572,0.351
47027,TN,Clay,0.979,0.227
47029,TN,Cocke,0.8098,0.228
47031,TN,Coffee,0.9451,0.608
47033,TN,Crockett,0.9047,0.142
47035,TN,Cumberland,0.6759,0.419
47037,TN,Davidson,0.9755,0.55
47039,TN,Decatur,0.747,0.299
47041,TN,DeKalb,0.9949,0.454
47043,TN,Dickson,0.7908,0.396
47045,TN,Dyer,0.9223,0.361
47047,TN,Fayette,0.8153,0.455
47049,TN,Fentress,0.989,0.226
47051,TN,Franklin,0.9752,0.343
47053,TN,Gibson,0.9531,0.432
47055,TN,Giles,0.8769,0.253
47057,TN,Grainger,0.6756,0.109
47059,TN,Greene,0.9624,0.48
47061,TN,Grundy,0.875,0.275
47063,TN,Hamblen,1,0.7
47065,TN,Hamilton,0.987,0.787
47067,TN,Hancock,0.7093,0.273
47069,TN,Hardeman,0.5642,0.123
47071,TN,Hardin,0.6392,0.217
47073,TN,Hawkins,0.8242,0.486
47075,TN,Haywood,0.8418,0.182
47077,TN,Henderson,0.7284,0.26
47079,TN,Henry,0.8651,0.624
47081,TN,Hickman,0.7894,0.193
47083,TN,Houston,0.8377,0.19
47085,TN,Humphreys,0.744,0.615
47087,TN,Jackson,0.928,0.33
47089,TN,Jefferson,0.8221,0.236
47091,TN,Johnson,0.9371,0.373
47095,TN,Lake,1,0.253
47097,TN,Lauderdale,0.832,0.252
47099,TN,Lawrence,0.9445,0.297
47101,TN,Lewis,0.9,0.33
47103,TN,Lincoln,0.9632,0.259
47105,TN,Loudon,0.9323,0.445
47107,TN,McMinn,0.8066,0.376
47109,TN,McNairy,0.5099,0.098
47111,TN,Macon,0.9881,0.639
47113,TN,Madison,0.9574,0.794
47115,TN,Marion,0.9105,0.543
47117,TN,Marshall,0.8768,0.379
47119,TN,Maury,0.9253,0.753
47121,TN,Meigs,0.5672,0.109
47123,TN,Monroe,0.868,0.26
47125,TN,Montgomery,0.9217,0.784
47127,TN,Moore,0.9846,0.132
47129,TN,Morgan,1,0.342
47131,TN,Obion,0.7827,0.278
47133,TN,Overton,0.8989,0.739
47135,TN,Perry,0.7988,0.193
47137,TN,Pickett,0.9624,0.313
47139,TN,Polk,0.815,0.205
47141,TN,Putnam,0.953,0.733
47143,TN,Rhea,0.9012,0.226
47145,TN,Roane,0.9309,0.38
47147,TN,Robertson,0.8361,0.562
47149,TN,Rutherford,0.9644,0.7
47151,TN,Scott,1,0.238
47153,TN,Sequatchie,0.7291,0.478
47155,TN,Sevier,0.9508,0.577
47157,TN,Shelby,0.9881,0.43
47159,TN,Smith,0.9273,0.363
47161,TN,Stewart,0.6524,0.448
47163,TN,Sullivan,1,0.785
47165,TN,Sumner,0.9783,0.838
47167,TN,Tipton,0.958,0.366
47169,TN,Trousdale,0.8601,0.318
47171,TN,Unicoi,0.989,0.334
47173,TN,Union,0.7964,0.143
47175,TN,Van Buren,0.7078,0.34
47177,TN,Warren,0.9054,0.637
47179,TN,Washington,0.977,0.685
47181,TN,Wayne,0.8437,0.092
47183,TN,Weakley,0.7036,0.285
47185,TN,White,0.9445,0.421
47187,TN,Williamson,0.9385,0.833
47189,TN,Wilson,0.9672,0.841
48001,TX,Anderson,0.497,0.191
48003,TX,Andrews,0.8891,0.541
48005,TX,Angelina,0.9044,0.501
48007,TX,Aransas,0.9857,0.94
48009,TX,Archer,0.9998,0.283
48011,TX,Armstrong,0.7202,0.184
48013,TX,Atascosa,1,0.232
48015,TX,Austin,0.8709,0.186
48017,TX,Bailey,0.7617,0.273
48019,TX,Bandera,0.9711,0.673
48021,TX,Bastrop,1,0.473
48023,TX,Baylor,0.9972,0.082
48025,TX,Bee,0.9866,0.47
48027,TX,Bell,0.9641,0.67
48029,TX,Bexar,0.9997,0.719
48031,TX,Blanco,0.7087,0.132
48033,TX,Borden,0.344,0.263
48035,TX,Bosque,0.9942,0.131
48037,TX,Bowie,0.9231,0.661
48039,TX,Brazoria,0.8627,0.685
48041,TX,Brazos,0.9594,0.745
48043,TX,Brewster,0.7734,0.415
48045,TX,Briscoe,0.8467,0.135
48047,TX,Brooks,0.9976,0.08
48049,TX,Brown,1,0.239
48051,TX,Burleson,1,0.123
48053,TX,Burnet,0.9002,0.564
48055,TX,Caldwell,1,0.378
48057,TX,Calhoun,0.8707,0.6
48059,TX,Callahan,0.96,0.136
48061,TX,Cameron,1,0.641
48063,TX,Camp,0.4849,0.098
48065,TX,Carson,0.9954,0.209
48067,TX,Cass,0.5531,0.165
48069,TX,Castro,0.8068,0.062
48071,TX,Chambers,0.948,0.435
48073,TX,Cherokee,0.6933,0.249
48075,TX,Childress,0.9318,0.555
48077,TX,Clay,0.9953,0.29
48079,TX,Cochran,0.7518,0.167
48081,TX,Coke,0.8518,0.095
48083,TX,Coleman,0.3428,0.191
48085,TX,Collin,0.9927,0.802
48087,TX,Collingsworth,0.9685,0.148
48089,TX,Colorado,0.8165,0.277
48091,TX,Comal,0.991,0.931
48093,TX,Comanche,0.9131,0.27
48095,TX,Concho,0.8349,0.069
48099,TX,Coryell,0.9911,0.552
48101,TX,Cottle,0.8992,0.248
48103,TX,Crane,0.1459,0.038
48105,TX,Crockett,0.3661,0.151
48107,TX,Crosby,0.8759,0.113
48109,TX,Culberson,0.9194,0.07
48111,TX,Dallam,0.9588,0.444
48113,TX,Dallas,0.9986,0.733
48115,TX,Dawson,0.994,0.246
48117,TX,Deaf Smith,0.9287,0.192
48119,TX,Delta,0.8537,0.088
48121,TX,Denton,0.9966,0.891
48123,TX,DeWitt,0.8941,0.344
48125,TX,Dickens,0.9593,0.22
48127,TX,Dimmit,0.7872,0.189
48129,TX,Donley,0.5265,0.093
48131,TX,Duval,0.7601,0.073
48133,TX,Eastland,0.9998,0.09
48135,TX,Ector,0.9501,0.595
48137,TX,Edwards,0.4617,0.226
48141,TX,El Paso,0.9798,0.547
48145,TX,Falls,0.9404,0.077
48147,TX,Fannin,0.8832,0.37
48149,TX,Fayette,0.9224,0.356
48151,TX,Fisher,0.0789,0.053
48153,TX,Floyd,0.7778,0.061
48155,TX,Foard,0.9939,0.115
48157,TX,Fort Bend,0.9483,0.837
48159,TX,Franklin,0.7584,0.246
48161,TX,Freestone,0.8093,0.234
48163,TX,Frio,0.9928,0.349
48165,TX,Gaines,0.9772,0.313
48167,TX,Galveston,0.9392,0.684
48169,TX,Garza,0.9125,0.152
48171,TX,Gillespie,0.9794,0.605
48173,TX,Glasscock,0.736,0.445
48175,TX,Goliad,0.6555,0.073
48177,TX,Gonzales,0.9991,0.246
48179,TX,Gray,0.9583,0.453
48181,TX,Grayson,0.9987,0.455
48183,TX,Gregg,0.9293,0.527
48185,TX,Grimes,0.801,0.173
48187,TX,Guadalupe,1,0.748
48189,TX,Hale,0.9445,0.353
48191,TX,Hall,0.6552,0.01
48193,TX,Hamilton,0.9381,0.218
48195,TX,Hansford,0.9215,0.259
48197,TX,Hardeman,0.9883,0.019
48199,TX,Hardin,0.8162,0.539
48201,TX,Harris,0.9468,0.708
48203,TX,Harrison,0.8222,0.32
48205,TX,Hartley,0.8937,0.093
48207,TX,Haskell,0.9721,0.309
48209,TX,Hays,0.9717,0.794
48211,TX,Hemphill,0.0937,0.219
48213,TX,Henderson,0.6631,0.298
48215,TX,Hidalgo,0.9979,0.567
48217,TX,Hill,0.9996,0.345
48219,TX,Hockley,0.9726,0.32
48221,TX,Hood,1,0.71
48223,TX,Hopkins,0.7802,0.465
48225,TX,Houston,0.6894,0.216
48227,TX,Howard,0.8502,0.482
48229,TX,Hudspeth,0.6193,0.23
48231,TX,Hunt,0.9673,0.422
48233,TX,Hutchinson,0.9932,0.559
48235,TX,Irion,0.8118,0.102
48237,TX,Jack,0.9987,0.069
48239,TX,Jackson,0.7434,0.362
48241,TX,Jasper,0.3539,0.234
48243,TX,Jeff Davis,0.4877,0.101
48245,TX,Jefferson,0.9497,0.593
48247,TX,Jim Hogg,0.9762,0.038
48249,TX,Jim Wells,1,0.482
48251,TX,Johnson,1,0.511
48253,TX,Jones,0.63,0.093
48255,TX,Karnes,1,0.091
48257,TX,Kaufman,0.9182,0.508
48259,TX,Kendall,0.9328,0.884
48261,TX,Kenedy,0.2327,0.114
48263,TX,Kent,0.8241,0.56
48265,TX,Kerr,0.9687,0.541
48267,TX,Kimble,0.7973,0.32
48269,TX,King,0.4853,
48271,TX,Kinney,0.0221,0.091
48273,TX,Kleberg,0.9722,0.345
48275,TX,Knox,0.9992,0.156
48277,TX,Lamar,0.9989,0.542
48279,TX,Lamb,0.9139,0.266
48281,TX,Lampasas,0.9265,0.114
48283,TX,La Salle,0.7364,0.159
48285,TX,Lavaca,0.9125,0.211
48287,TX,Lee,1,0.212
48289,TX,Leon,0.6193,0.323
48291,TX,Liberty,0.7019,0.398
48293,TX,Limestone,0.8923,0.239
48295,TX,Lipscomb,0.742,0.076
48297,TX,Live Oak,1,0.324
48299,TX,Llano,0.9184,0.272
48301,TX,Loving,0.3018,0.941
48303,TX,Lubbock,0.9919,0.555
48305,TX,Lynn,0.9953,0.394
48307,TX,McCulloch,1,0.141
48309,TX,McLennan,1,0.609
48311,TX,McMullen,0.9825,0.074
48313,TX,Madison,0.4536,0.128
48315,TX,Marion,0.5987,0.052
48317,TX,Martin,0.8593,0.599
48319,TX,Mason,0.9988,0.356
48321,TX,Matagorda,0.7992,0.36
48323,TX,Maverick,0.9352,0.519
48325,TX,Medina,0.9977,0.227
48327,TX,Menard,0.9097,0.05
48329,TX,Midland,0.9911,0.76
48331,TX,Milam,1,0.091
48333,TX,Mills,0.8812,0.298
48335,TX,Mitchell,0.9183,0.146
48337,TX,Montague,0.9882,0.194
48339,TX,Montgomery,0.9394,0.814
48341,TX,Moore,0.9924,0.291
48343,TX,Morris,0.6935,0.095
48345,TX,Motley,0.8967,0.241
48347,TX,Nacogdoches,0.6558,0.501
48349,TX,Navarro,0.9809,0.202
48351,TX,Newton,0.3008,0.057
48353,TX,Nolan,0.7501,0.386
48355,TX,Nueces,0.9946,0.614
48357,TX,Ochiltree,0.8829,0.238
48359,TX,Oldham,0.7557,0.199
48361,TX,Orange,0.8977,0.621
48363,TX,Palo Pinto,0.9999,0.382
48365,TX,Panola,0.6039,0.21
48367,TX,Parker,1,0.522
48369,TX,Parmer,0.6667,0.165
48371,TX,Pecos,0.7909,0.378
48373,TX,Polk,0.7764,0.294
48375,TX,Potter,0.9949,0.386
48377,TX,Presidio,0.3104,0.124
48379,TX,Rains,0.9735,0.163
48381,TX,Randall,0.9815,0.641
48383,TX,Reagan,0.8306,0.149
48385,TX,Real,0.6918,0.252
48387,TX,Red River,0.8708,0.167
48389,TX,Reeves,0.9354,0.238
48391,TX,Refugio,0.7543,0.331
48393,TX,Roberts,0.7576,0.136
48395,TX,Robertson,0.919,0.1
48397,TX,Rockwall,0.9952,0.829
48399,TX,Runnels,0.9358,0.27
48401,TX,Rusk,0.7639,0.352
48403,TX,Sabine,0.6928,0.26
48405,TX,San Augustine,0.2338,0.067
48407,TX,San Jacinto,0.8058,0.175
48409,TX,San Patricio,0.9937,0.487
48411,TX,San Saba,0.8048,0.264
48413,TX,Schleicher,0.218,0.081
48415,TX,Scurry,0.7106,0.519
48417,TX,Shackelford,0.2438,0.052
48419,TX,Shelby,0.2617,0.056
48421,TX,Sherman,0.5893,0.123
48423,TX,Smith,0.8738,0.675
48425,TX,Somervell,0.9998,0.297
48427,TX,Starr,0.962,0.638
48429,TX,Stephens,0.9996,0.32
48431,TX,Sterling,0.4082,0.397
48433,TX,Stonewall,0.8822,0.256
48435,TX,Sutton,0.6427,0.244
48437,TX,Swisher,0.8787,0.169
48439,TX,Tarrant,0.9989,0.774
48441,TX,Taylor,0.959,0.629
48443,TX,Terrell,0.8183,0.345
48445,TX,Terry,0.9965,0.296
48447,TX,Throckmorton,0.7402,0.081
48449,TX,Titus,0.6171,0.603
48451,TX,Tom Green,0.9506,0.732
48453,TX,Travis,0.9977,0.741
48455,TX,Trinity,0.7368,0.149
48457,TX,Tyler,0.4081,0.07
48459,TX,Upshur,0.9258,0.345
48461,TX,Upton,0.108,0.083
48463,TX,Uvalde,0.9973,0.368
48465,TX,Val Verde,0.9698,0.548
48467,TX,Van Zandt,0.9363,0.393
48469,TX,Victoria,0.8671,0.63
48471,TX,Walker,0.7063,0.565
48473,TX,Waller,0.9322,0.364
48475,TX,Ward,0.9753,0.159
48477,TX,Washington,0.8933,0.36
48479,TX,Webb,0.9824,0.729
48481,TX,Wharton,0.8601,0.287
48483,TX,Wheeler,0.9769,0.078
48485,TX,Wichita,0.9797,0.566
48487,TX,Wilbarger,0.9915,0.215
48489,TX,Willacy,1,0.412
48491,TX,Williamson,0.965,0.899
48493,TX,Wilson,1,0.419
48495,TX,Winkler,0.4177,0.07
48497,TX,Wise,0.9985,0.177
48499,TX,Wood,0.7868,0.254
48501,TX,Yoakum,0.8651,0.146
48503,TX,Young,0.9997,0.394
48505,TX,Zapata,0.8133,0.388
48507,TX,Zavala,0.8035,0.394
49001,UT,Beaver,0.9472,0.204
49003,UT,Box Elder,0.919,0.641
49005,UT,Cache,0.9972,0.834
49007,UT,Carbon,0.9207,0.82
49009,UT,Daggett,0.8821,0.649
49011,UT,Davis,0.9924,0.831
49013,UT,Duchesne,0.6999,0.381
49015,UT,Emery,0.8094,0.722
49017,UT,Garfield,0.984,0.425
49019,UT,Grand,0.5325,0.813
49021,UT,Iron,0.959,0.693
49023,UT,Juab,0.8356,0.545
49025,UT,Kane,0.9525,0.759
49027,UT,Millard,0.6765,0.24
49031,UT,Piute,0.9973,0.204
49033,UT,Rich,0.8647,0.559
49035,UT,Salt Lake,0.9941,0.869
49037,UT,San Juan,0.2953,0.231
49039,UT,Sanpete,0.9419,0.655
49041,UT,Sevier,0.964,0.384
49043,UT,Summit,0.8212,0.729
49045,UT,Tooele,0.8519,0.61
49047,UT,Uintah,0.7867,0.516
49049,UT,Utah,0.9287,0.83
49051,UT,Wasatch,0.8791,0.649
49053,UT,Washington,0.9772,0.819
49055,UT,Wayne,0.8963,0.19
49057,UT,Weber,0.9816,0.811
50001,VT,Addison,0.9237,0.227
50003,VT,Bennington,0.9684,0.601
50005,VT,Caledonia,0.8509,0.256
50007,VT,Chittenden,0.9776,0.699
50009,VT,Essex,0.7271,0.06
50011,VT,Franklin,0.9028,0.49
50013,VT,Grand Isle,0.9918,0.182
50015,VT,Lamoille,0.912,0.442
50017,VT,Orange,0.8084,0.18
50019,VT,Orleans,0.8464,0.342
50021,VT,Rutland,0.957,0.571
50023,VT,Washington,0.9405,0.652
50025,VT,Windham,0.9039,0.603
50027,VT,Windsor,0.9576,0.545
51001,VA,Accomack,0.9048,0.169
51003,VA,Albemarle,0.9258,0.536
51005,VA,Alleghany,0.9362,0.706
51007,VA,Amelia,0.7044,0.154
51009,VA,Amherst,0.9422,0.374
51011,VA,Appomattox,0.7673,0.253
51013,VA,Arlington,0.981,0.776
51015,VA,Augusta,0.9836,0.271
51017,VA,Bath,0.7263,0.189
51019,VA,Bedford,0.8175,0.442
51021,VA,Bland,0.7895,0.085
51023,VA,Botetourt,0.8039,0.46
51025,VA,Brunswick,0.2962,0.045
51027,VA,Buchanan,1,0.234
51029,VA,Buckingham,0.3976,0.107
51031,VA,Campbell,0.7914,0.202
51033,VA,Caroline,0.6407,0.416
51035,VA,Carroll,0.9486,0.109
51036,VA,Charles City,1,0.075
51037,VA,Charlotte,0.5263,0.094
51041,VA,Chesterfield,0.9726,0.88
51043,VA,Clarke,0.9947,0.262
51045,VA,Craig,0.7472,0.086
51047,VA,Culpeper,0.9987,0.696
51049,VA,Cumberland,0.1965,0.05
51051,VA,Dickenson,0.9777,0.257
51053,VA,Dinwiddie,0.5476,0.06
51057,VA,Essex,0.7493,0.414
51059,VA,Fairfax,0.9848,0.884
51061,VA,Fauquier,0.9032,0.533
51063,VA,Floyd,0.7595,0.308
51065,VA,Fluvanna,0.8218,0.571
51067,VA,Franklin,0.8811,0.315
51069,VA,Frederick,0.8305,0.587
51071,VA,Giles,0.959,0.117
51073,VA,Gloucester,0.949,0.708
51075,VA,Goochland,0.669,0.402
51077,VA,Grayson,0.7522,0.054
51079,VA,Greene,0.9986,0.54
51081,VA,Greensville,0.2399,0.377
51083,VA,Halifax,0.7176,0.265
51085,VA,Hanover,0.8804,0.634
51087,VA,Henrico,0.9818,0.726
51089,VA,Henry,0.9623,0.583
51091,VA,Highland,0.4817,0.112
51093,VA,Isle of Wight,0.8583,0.633
51095,VA,James City,0.9464,0.764
51097,VA,King and Queen,0.2235,0.065
51099,VA,King George,0.9335,0.898
51101,VA,King William,0.4111,0.274
51103,VA,Lancaster,1,0.493
51105,VA,Lee,0.8892,0.237
51107,VA,Loudoun,0.9956,0.883
51109,VA,Louisa,0.6802,0.21
51111,VA,Lunenburg,0.2935,0.124
51113,VA,Madison,1,0.17
51115,VA,Mathews,0.9606,0.281
51117,VA,Mecklenburg,0.5716,0.348
51119,VA,Middlesex,0.9738,0.527
51121,VA,Montgomery,0.9935,0.385
51125,VA,Nelson,0.9488,0.445
51127,VA,New Kent,0.7664,0.624
51131,VA,Northampton,0.9408,0.219
51133,VA,Northumberland,1,0.41
51135,VA,Nottoway,0.5574,0.098
51137,VA,Orange,0.9977,0.407
51139,VA,Page,0.9948,0.253
51141,VA,Patrick,0.4424,0.075
51143,VA,Pittsylvania,0.7056,0.123
51145,VA,Powhatan,0.8348,0.802
51147,VA,Prince Edward,0.6368,0.21
51149,VA,Prince George,0.896,0.555
51153,VA,Prince William,0.973,0.818
51155,VA,Pulaski,0.9979,0.442
51157,VA,Rappahannock,0.9178,0.258
51159,VA,Richmond,0.9871,0.462
51161,VA,Roanoke,0.9877,0.401
51163,VA,Rockbridge,0.8509,0.416
51165,VA,Rockingham,0.989,0.278
51167,VA,Russell,0.895,0.195
51169,VA,Scott,0.8258,0.331
51171,VA,Shenandoah,0.9117,0.265
51173,VA,Smyth,0.935,0.346
51175,VA,Southampton,0.4755,0.063
51177,VA,Spotsylvania,0.9845,0.849
51179,VA,Stafford,0.988,0.885
51181,VA,Surry,0.9182,0.055
51183,VA,Sussex,0.4528,0.172
51185,VA,Tazewell,0.9889,0.347
51187,VA,Warren,0.9191,0.672
51191,VA,Washington,0.992,0.568
51193,VA,Westmoreland,0.9393,0.42
51195,VA,Wise,0.9637,0.372
51197,VA,Wythe,0.8974,0.207
51199,VA,York,0.9834,0.78
51510,VA,Alexandria,0.9832,0.747
51520,VA,Bristol,1,0.845
51530,VA,Buena Vista,0.9724,0.408
51540,VA,Charlottesville,0.9933,0.855
51550,VA,Chesapeake,0.9819,0.941
51570,VA,Colonial Heights,0.9872,1
51580,VA,Covington,0.9969,
51590,VA,Danville,0.9911,0.795
51595,VA,Emporia,0.96,
51600,VA,Fairfax,0.9985,
51610,VA,Falls Church,0.986,1
51620,VA,Franklin,0.9999,0.268
51630,VA,Fredericksburg,0.9343,0.788
51640,VA,Galax,0.9998,0.473
51650,VA,Hampton,0.979,0.813
51660,VA,Harrisonburg,1,0.795
51670,VA,Hopewell,0.9831,0.599
51678,VA,Lexington,0.9612,
51680,VA,Lynchburg,0.9092,0.675
51683,VA,Manassas,0.9611,1
51685,VA,Manassas Park,0.9843,
51690,VA,Martinsville,0.9871,
51700,VA,Newport News,0.9834,0.837
51710,VA,Norfolk,0.9712,0.791
51720,VA,Norton,0.9663,0.409
51730,VA,Petersburg,0.9856,0.546
51735,VA,Poquoson,0.9913,0.776
51740,VA,Portsmouth,0.9828,0.83
51750,VA,Radford,0.9995,0.203
51760,VA,Richmond,0.9476,0.82
51770,VA,Roanoke,0.9999,0.789
51775,VA,Salem,1,1
51790,VA,Staunton,0.9992,0.824
51800,VA,Suffolk,0.9461,0.816
51810,VA,Virginia Beach,0.9832,0.843
51820,VA,Waynesboro,0.9838,1
51830,VA,Williamsburg,0.7844,
51840,VA,Winchester,0.9978,1
53001,WA,Adams,0.9352,0.2
53003,WA,Asotin,0.9307,0.278
53005,WA,Benton,0.9763,0.707
53007,WA,Chelan,1,0.688
53009,WA,Clallam,0.7722,0.538
53011,WA,Clark,0.9629,0.704
53013,WA,Columbia,1,0.193
53015,WA,Cowlitz,0.9121,0.536
53017,WA,Douglas,1,0.813
53019,WA,Ferry,0.9961,0.032
53021,WA,Franklin,0.9993,0.744
53023,WA,Garfield,0.5982,0.068
53025,WA,Grant,0.9303,0.64
53027,WA,Grays Harbor,0.8859,0.562
53029,WA,Island,0.9871,0.812
53031,WA,Jefferson,0.8516,0.572
53033,WA,King,0.9733,0.83
53035,WA,Kitsap,0.9705,0.709
53037,WA,Kittitas,0.8708,0.459
53039,WA,Klickitat,0.6216,0.149
53041,WA,Lewis,0.7645,0.248
53043,WA,Lincoln,0.5718,0.125
53045,WA,Mason,0.9389,0.497
53047,WA,Okanogan,0.9472,0.216
53049,WA,Pacific,0.853,0.432
53051,WA,Pend Oreille,1,0.429
53053,WA,Pierce,0.9735,0.745
53055,WA,San Juan,0.974,0.282
53057,WA,Skagit,0.961,0.588
53059,WA,Skamania,0.6705,0.312
53061,WA,Snohomish,0.9735,0.783
53063,WA,Spokane,1,0.656
53065,WA,Stevens,1,0.186
53067,WA,Thurston,0.9762,0.794
53069,WA,Wahkiakum,0.6246,0.273
53071,WA,Walla Walla,1,0.663
53073,WA,Whatcom,0.9769,0.649
53075,WA,Whitman,0.8471,0.443
53077,WA,Yakima,0.9404,0.437
54001,WV,Barbour,0.868,0.155
54003,WV,Berkeley,0.9646,0.504
54005,WV,Boone,0.9175,0.123
54007,WV,Braxton,0.6915,0.076
54009,WV,Brooke,0.9261,0.17
54011,WV,Cabell,0.9464,0.476
54013,WV,Calhoun,0.3043,0.063
54015,WV,Clay,0.4418,0.051
54017,WV,Doddridge,0.483,0.099
54019,WV,Fayette,0.7871,0.181
54021,WV,Gilmer,0.3886,0.065
54023,WV,Grant,0.6159,0.159
54025,WV,Greenbrier,0.7771,0.251
54027,WV,Hampshire,0.4981,0.058
54029,WV,Hancock,0.9485,0.663
54031,WV,Hardy,0.9758,0.337
54033,WV,Harrison,0.9025,0.409
54035,WV,Jackson,0.9225,0.134
54037,WV,Jefferson,0.9775,0.611
54039,WV,Kanawha,0.9249,0.4
54041,WV,Lewis,0.8435,0.223
54043,WV,Lincoln,0.7588,0.174
54045,WV,Logan,0.7594,0.516
54047,WV,McDowell,0.8752,0.055
54049,WV,Marion,0.9282,0.436
54051,WV,Marshall,0.7918,0.268
54053,WV,Mason,0.6193,0.281
54055,WV,Mercer,0.9415,0.427
54057,WV,Mineral,0.765,0.234
54059,WV,Mingo,0.6662,0.232
54061,WV,Monongalia,0.5361,0.562
54063,WV,Monroe,0.8724,0.058
54065,WV,Morgan,0.8052,0.389
54067,WV,Nicholas,0.6407,0.174
54069,WV,Ohio,0.9582,0.58
54071,WV,Pendleton,0.5678,0.074
54073,WV,Pleasants,0.6421,0.092
54075,WV,Pocahontas,0.706,0.075
54077,WV,Preston,0.6907,0.162
54079,WV,Putnam,0.8567,0.483
54081,WV,Raleigh,0.8935,0.503
54083,WV,Randolph,0.8178,0.256
54085,WV,Ritchie,0.4233,0.367
54087,WV,Roane,0.4219,0.075
54089,WV,Summers,0.5462,0.087
54091,WV,Taylor,0.8703,0.302
54093,WV,Tucker,0.591,0.243
54095,WV,Tyler,0.426,0.028
54097,WV,Upshur,0.8481,0.327
54099,WV,Wayne,0.7837,0.181
54101,WV,Webster,0.6634,0.062
54103,WV,Wetzel,0.5059,0.183
54105,WV,Wirt,0.4377,0.058
54107,WV,Wood,0.9105,0.547
54109,WV,Wyoming,0.9258,0.203
55001,WI,Adams,0.8054,0.308
55003,WI,Ashland,0.6533,0.277
55005,WI,Barron,0.7618,0.575
55007,WI,Bayfield,0.8751,0.492
55009,WI,Brown,0.9814,0.679
55011,WI,Buffalo,0.9559,0.322
55013,WI,Burnett,0.8943,0.325
55015,WI,Calumet,0.9709,0.222
55017,WI,Chippewa,0.8763,0.323
55019,WI,Clark,0.5431,0.101
55021,WI,Columbia,0.8215,0.348
55023,WI,Crawford,0.7283,0.478
55025,WI,Dane,0.9852,0.676
55027,WI,Dodge,0.79,0.438
55029,WI,Door,1,0.405
55031,WI,Douglas,0.7822,0.317
55033,WI,Dunn,0.7669,0.287
55035,WI,Eau Claire,0.9256,0.808
55037,WI,Florence,0.9071,0.114
55039,WI,Fond du Lac,0.8629,0.595
55041,WI,Forest,0.655,0.125
55043,WI,Grant,0.8683,0.3
55045,WI,Green,0.9976,0.427
55047,WI,Green Lake,0.7371,0.143
55049,WI,Iowa,0.8886,0.419
55051,WI,Iron,0.6295,0.127
55053,WI,Jackson,0.5932,0.191
55055,WI,Jefferson,0.9169,0.475
55057,WI,Juneau,0.7056,0.478
55059,WI,Kenosha,0.9999,0.636
55061,WI,Kewaunee,1,0.088
55063,WI,La Crosse,0.963,0.675
55065,WI,Lafayette,0.7078,0.194
55067,WI,Langlade,0.8722,0.37
55069,WI,Lincoln,0.8207,0.214
55071,WI,Manitowoc,0.9992,0.556
55073,WI,Marathon,0.9826,0.53
55075,WI,Marinette,0.6769,0.342
55077,WI,Marquette,0.8708,0.258
55078,WI,Menominee,0.6842,0.124
55079,WI,Milwaukee,1,0.645
55081,WI,Monroe,0.7553,0.255
55083,WI,Oconto,0.6957,0.257
55085,WI,Oneida,0.843,0.746
55087,WI,Outagamie,0.9446,0.651
55089,WI,Ozaukee,0.9894,0.69
55091,WI,Pepin,0.9728,0.564
55093,WI,Pierce,0.9577,0.253
55095,WI,Polk,0.6612,0.329
55097,WI,Portage,0.9128,0.658
55099,WI,Price,0.3629,0.171
55101,WI,Racine,0.9999,0.566
55103,WI,Richland,0.5141,0.265
55105,WI,Rock,0.9985,0.634
55107,WI,Rusk,0.5828,0.356
55109,WI,St. Croix,0.8702,0.573
55111,WI,Sauk,0.858,0.7
55113,WI,Sawyer,0.7216,0.566
55115,WI,Shawano,0.833,0.168
55117,WI,Sheboygan,0.9996,0.572
55119,WI,Taylor,0.5934,0.166
55121,WI,Trempealeau,0.9242,0.368
55123,WI,Vernon,0.9597,0.449
55125,WI,Vilas,0.7092,0.161
55127,WI,Walworth,0.981,0.642
55129,WI,Washburn,0.6741,0.168
55131,WI,Washington,0.9618,0.686
55133,WI,Waukesha,0.9996,0.745
55135,WI,Waupaca,0.8009,0.474
55137,WI,Waushara,0.6183,0.427
55139,WI,Winnebago,0.997,0.558
55141,WI,Wood,0.8718,0.689
56001,WY,Albany,0.9477,0.463
56003,WY,Big Horn,0.7875,0.426
56005,WY,Campbell,0.9886,0.505
56007,WY,Carbon,0.8976,0.366
56009,WY,Converse,0.9643,0.229
56011,WY,Crook,0.8503,0.21
56013,WY,Fremont,0.7941,0.373
56015,WY,Goshen,0.9972,0.198
56017,WY,Hot Springs,0.8722,0.381
56019,WY,Johnson,0.9217,0.456
56021,WY,Laramie,0.9866,0.805
56023,WY,Lincoln,0.8888,0.5
56025,WY,Natrona,0.9445,0.624
56027,WY,Niobrara,0.8854,0.112
56029,WY,Park,0.6823,0.531
56031,WY,Platte,0.9304,0.106
56033,WY,Sheridan,0.9799,0.499
56035,WY,Sublette,0.954,0.145
56037,WY,Sweetwater,0.9422,0.4
56039,WY,Teton,0.9508,0.623
56041,WY,Uinta,0.9963,0.431
56043,WY,Washakie,0.8903,0.571
56045,WY,Weston,0.8937,0.152
